0,1,2,3,4,5,6,7,8,9,10,11,12,13,14,15,16,17,18,19,20,21,22,23,24,25,26,27,28,29,30,31,32,33,34,35,36,37,38,39,40,41,42,43,44,45,46,47,48,49,50,51,52,53,54,55,56,57,58,59,60,61,62
0,0,0,0,0,0,0,0,0,0,0,0,0,0,0,0,0,0,0,0,0,0,0,0,0,0,0,0,0,0,0,0,0,0,0,0,0,0,0,0,0,0,0,0,0,0,0,0,0,0,0,0,0,0,0,0,0,0,0,0,0,0,0
0,0,0,0,0,0,0,0,0,0,0,0,0,0,0,0,0,0,0,0,0,0,0,0,0,0,0,0,0,0,0,0,0,0,0,0,0,0,0,0,0,0,0,0,0,0,0,0,0,0,0,0,0,0,0,0,0,0,0,0,0,0,0
0,0,0,0,0,0,0,0,0,0,0,0,0,0,0,0,0,0,0,0,0,0,0,0,0,0,0,0,0,0,0,0,0,0,0,0,0,0,0,0,0,0,0,0,0,0,0,0,0,0,0,0,0,0,0,0,0,0,0,0,0,0,0
0,0,0,0,0,0,0,0,0,0,0,0,0,0,0,0,0,0,0,0,0,0,0,0,0,0,0,0,0,0,0,0,0,0,0,0,0,0,0,0,0,0,0,0,0,0,0,0,0,0,0,0,0,0,0,0,0,0,0,0,0,0,0
0,0,0,0,0,0,0,0,0,0,0,0,0,0,0,0,0,0,0,0,0,0,0,0,0,0,0,0,0,0,0,0,0,0,0,0,0,0,0,0,0,0,0,0,0,0,0,0,0,0,0,0,0,0,0,0,0,0,0,0,0,0,0
0,0,0,0,0,0,0,0,0,0,0,0,0,0,0,0,0,0,0,0,0,0,0,0,0,0,0,0,0,0,0,0,0,0,0,0,0,0,0,0,0,0,0,0,0,0,0,0,0,0,0,0,0,0,0,0,0,0,0,0,0,0,0
0,0,0,0,0,0,0,0,0,0,0,0,0,0,0,0,0,0,0,0,0,0,0,0,0,0,0,0,0,0,0,0,0,0,0,0,0,0,0,0,0,0,0,0,0,0,0,0,0,0,0,0,0,0,0,0,0,0,0,0,0,0,0
0,0,0,0,0,0,0,0,0,0,0,0,0,0,0,0,0,0,0,0,0,0,0,0,0,0,0,0,0,0,0,0,0,0,0,0,0,0,0,0,0,0,0,0,0,0,0,0,0,0,0,0,0,0,0,0,0,0,0,0,0,0,0
0,0,0,0,0,0,0,0,0,0,0,0,0,0,0,0,0,0,0,0,0,0,0,0,0,0,0,0,0,0,0,0,0,0,0,0,0,0,0,0,0,0,0,0,0,0,0,0,0,0,0,0,0,0,0,0,0,0,0,0,0,0,0
0,0,0,0,0,0,0,0,0,0,0,0,0,0,0,0,0,0,0,0,0,0,0,0,0,0,0,0,0,0,0,0,0,0,0,0,0,0,0,0,0,0,0,0,0,0,0,0,0,0,0,0,0,0,0,0,0,0,0,0,0,0,0
0,0,0,0,0,0,0,0,0,0,0,0,0,0,0,0,0,0,0,0,0,0,0,0,0,0,0,0,0,0,0,0,0,0,0,0,0,0,0,0,0,0,0,0,0,0,0,0,0,0,0,0,0,0,0,0,0,0,0,0,0,0,0
0,0,0,0,0,0,0,0,0,0,0,0,0,0,0,0,0,0,0,0,0,0,0,0,0,0,0,0,0,0,0,0,0,0,0,0,0,0,0,0,0,0,0,0,0,0,0,0,0,0,0,0,0,0,0,0,0,0,0,0,0,0,0
0,0,0,0,0,0,0,0,0,0,0,0,0,0,0,0,0,0,0,0,0,0,0,0,0,0,0,0,0,0,0,0,0,0,0,0,0,0,0,0,0,0,0,0,0,0,0,0,0,0,0,0,0,0,0,0,0,0,0,0,0,0,0
0,0,0,0,0,0,0,0,0,0,0,0,0,0,0,0,0,0,0,0,0,0,0,0,0,0,0,0,0,0,0,0,0,0,0,0,0,0,0,0,0,0,0,0,0,0,0,0,0,0,0,0,0,0,0,0,0,0,0,0,0,0,0
0,0,0,0,0,0,0,0,0,0,0,0,0,0,0,0,0,0,0,0,0,0,0,0,0,0,0,0,0,0,0,0,0,0,0,0,0,0,0,0,0,0,0,0,0,0,0,0,0,0,0,0,0,0,0,0,0,0,0,0,0,0,0
0,0,0,0,0,0,0,0,0,0,0,0,0,0,0,0,0,0,0,0,0,0,0,0,0,0,0,0,0,0,0,0,0,0,0,0,0,0,0,0,0,0,0,0,0,0,0,0,0,0,0,0,0,0,0,0,0,0,0,0,0,0,0
0,0,0,0,0,0,0,0,0,0,0,0,0,0,0,0,0,0,0,0,0,0,0,0,0,0,0,0,0,0,0,0,0,0,0,0,0,0,0,0,0,0,0,0,0,0,0,0,0,0,0,0,0,0,0,0,0,0,0,0,0,0,0
0,0,0,0,0,0,0,0,0,0,0,0,0,0,0,0,0,0,0,0,0,0,0,0,0,0,0,0,0,0,0,0,0,0,0,0,0,0,0,0,0,0,0,0,0,0,0,0,0,0,0,0,0,0,0,0,0,0,0,0,0,0,0
0,0,0,0,0,0,0,0,0,0,0,0,0,0,0,0,0,0,0,0,0,0,0,0,0,0,0,0,0,0,0,0,0,0,0,0,0,0,0,0,0,0,0,0,0,0,0,0,0,0,0,0,0,0,0,0,0,0,0,0,0,0,0
0,0,0,0,0,0,0,0,0,0,0,0,0,0,0,0,0,0,0,0,0,0,0,0,0,0,0,0,0,0,0,0,0,0,0,0,0,0,0,0,0,0,0,0,0,0,0,0,0,0,0,0,0,0,0,0,0,0,0,0,0,0,0
0,0,0,0,0,0,0,0,0,0,0,0,0,0,0,0,0,0,0,0,0,0,0,0,0,0,0,0,0,0,0,0,0,0,0,0,0,0,0,0,0,0,0,0,0,0,0,0,0,0,0,0,0,0,0,0,0,0,0,0,0,0,0
0,0,0,0,0,0,0,0,0,0,0,0,0,0,0,0,0,0,0,0,0,0,0,0,0,0,0,0,0,0,0,0,0,0,0,0,0,0,0,0,0,0,0,0,0,0,0,0,0,0,0,0,0,0,0,0,0,0,0,0,0,0,0
0,0,0,0,0,0,0,0,0,0,0,0,0,0,0,0,0,0,0,0,0,0,0,0,0,0,0,0,0,0,0,0,0,0,0,0,0,0,0,0,0,0,0,0,0,0,0,0,0,0,0,0,0,0,0,0,0,0,0,0,0,0,0
0,0,0,0,0,0,0,0,0,0,0,0,0,0,0,0,0,0,0,0,0,0,0,0,0,0,0,0,0,0,0,0,0,0,0,0,0,0,0,0,0,0,0,0,0,0,0,0,0,0,0,0,0,0,0,0,0,0,0,0,0,0,0
0,0,0,0,0,0,0,0,0,0,0,0,0,0,0,0,0,0,0,0,0,0,0,0,0,0,0,0,0,0,0,0,0,0,0,0,0,0,0,0,0,0,0,0,0,0,0,0,0,0,0,0,0,0,0,0,0,0,0,0,0,0,0
0,0,0,0,0,0,0,0,0,0,0,0,0,0,0,0,0,0,0,0,0,0,0,0,0,0,0,0,0,0,0,0,0,0,0,0,0,0,0,0,0,0,0,0,0,0,0,0,0,0,0,0,0,0,0,0,0,0,0,0,0,0,0
0,0,0,0,0,0,0,0,0,0,0,0,0,0,0,0,0,0,0,0,0,0,0,0,0,0,0,0,0,0,0,0,0,0,0,0,0,0,0,0,0,0,0,0,0,0,0,0,0,0,0,0,0,0,0,0,0,0,0,0,0,0,0
0,0,0,0,0,0,0,0,0,0,0,0,0,0,0,0,0,0,0,0,0,0,0,0,0,0,0,0,0,0,0,0,0,0,0,0,0,0,0,0,0,0,0,0,0,0,0,0,0,0,0,0,0,0,0,0,0,0,0,0,0,0,0
0,0,0,0,0,0,0,0,0,0,0,0,0,0,0,0,0,0,0,0,0,0,0,0,0,0,0,0,0,0,0,0,0,0,0,0,0,0,0,0,0,0,0,0,0,0,0,0,0,0,0,0,0,0,0,0,0,0,0,0,0,0,0
0,0,0,0,0,0,0,0,0,0,0,0,0,0,0,0,0,0,0,0,0,0,0,0,0,0,0,0,0,0,0,0,0,0,0,0,0,0,0,0,0,0,0,0,0,0,0,0,0,0,0,0,0,0,0,0,0,0,0,0,0,0,0
0,0,0,0,0,0,0,0,0,0,0,0,0,0,0,0,0,0,0,0,0,0,0,0,0,0,0,0,0,0,0,0,0,0,0,0,0,0,0,0,0,0,0,0,0,0,0,0,0,0,0,0,0,0,0,0,0,0,0,0,0,0,0
0,0,0,0,0,0,0,0,0,0,0,0,0,0,0,0,0,0,0,0,0,0,0,0,0,0,0,0,0,0,0,0,0,0,0,0,0,0,0,0,0,0,0,0,0,0,0,0,0,0,0,0,0,0,0,0,0,0,0,0,0,0,0
0,0,0,0,0,0,0,0,0,0,0,0,0,0,0,0,0,0,0,0,0,0,0,0,0,0,0,0,0,0,0,0,0,0,0,0,0,0,0,0,0,0,0,0,0,0,0,0,0,0,0,0,0,0,0,0,0,0,0,0,0,0,0
0,0,0,0,0,0,0,0,0,0,0,0,0,0,0,0,0,0,0,0,0,0,0,0,0,0,0,0,0,0,0,0,0,0,0,0,0,0,0,0,0,0,0,0,0,0,0,0,0,0,0,0,0,0,0,0,0,0,0,0,0,0,0
0,0,0,0,0,0,0,0,0,0,0,0,0,0,0,0,0,0,0,0,0,0,0,0,0,0,0,0,0,0,0,0,0,0,0,0,0,0,0,0,0,0,0,0,0,0,0,0,0,0,0,0,0,0,0,0,0,0,0,0,0,0,0
0,0,0,0,0,0,0,0,0,0,0,0,0,0,0,0,0,0,0,0,0,0,0,0,0,0,0,0,0,0,0,0,0,0,0,0,0,0,0,0,0,0,0,0,0,0,0,0,0,0,0,0,0,0,0,0,0,0,0,0,0,0,0
0,0,0,0,0,0,0,0,0,0,0,0,0,0,0,0,0,0,0,0,0,0,0,0,0,0,0,0,0,0,0,0,0,0,0,0,0,0,0,0,0,0,0,0,0,0,0,0,0,0,0,0,0,0,0,0,0,0,0,0,0,0,0
0,0,0,0,0,0,0,0,0,0,0,0,0,0,0,0,0,0,0,0,0,0,0,0,0,0,0,0,0,0,0,0,0,0,0,0,0,0,0,0,0,0,0,0,0,0,0,0,0,0,0,0,0,0,0,0,0,0,0,0,0,0,0
0,0,0,0,0,0,0,0,0,0,0,0,0,0,0,0,0,0,0,0,0,0,0,0,0,0,0,0,0,0,0,0,0,0,0,0,0,0,0,0,0,0,0,0,0,0,0,0,0,0,0,0,0,0,0,0,0,0,0,0,0,0,0
0,0,0,0,0,0,0,0,0,0,0,0,0,0,0,0,0,0,0,0,0,0,0,0,0,0,0,0,0,0,0,0,0,0,0,0,0,0,0,0,0,0,0,0,0,0,0,0,0,0,0,0,0,0,0,0,0,0,0,0,0,0,0
0,0,0,0,0,0,0,0,0,0,0,0,0,0,0,0,0,0,0,0,0,0,0,0,0,0,0,0,0,0,0,0,0,0,0,0,0,0,0,0,0,0,0,0,0,0,0,0,0,0,0,0,0,0,0,0,0,0,0,0,0,0,0
0,0,0,0,0,0,0,0,0,0,0,0,0,0,0,0,0,0,0,0,0,0,0,0,0,0,0,0,0,0,0,0,0,0,0,0,0,0,0,0,0,0,0,0,0,0,0,0,0,0,0,0,0,0,0,0,0,0,0,0,0,0,0
0,0,0,0,0,0,0,0,0,0,0,0,0,0,0,0,0,0,0,0,0,0,0,0,0,0,0,0,0,0,0,0,0,0,0,0,0,0,0,0,0,0,0,0,0,0,0,0,0,0,0,0,0,0,0,0,0,0,0,0,0,0,0
0,0,0,0,0,0,0,0,0,0,0,0,0,0,0,0,0,0,0,0,0,0,0,0,0,0,0,0,0,0,0,0,0,0,0,0,0,0,0,0,0,0,0,0,0,0,0,0,0,0,0,0,0,0,0,0,0,0,0,0,0,0,0
0,0,0,0,0,0,0,0,0,0,0,0,0,0,0,0,0,0,0,0,0,0,0,0,0,0,0,0,0,0,0,0,0,0,0,0,0,0,0,0,0,0,0,0,0,0,0,0,0,0,0,0,0,0,0,0,0,0,0,0,0,0,0
0,0,0,0,0,0,0,0,0,0,0,0,0,0,0,0,0,0,0,0,0,0,0,0,0,0,0,0,0,0,0,0,0,0,0,0,0,0,0,0,0,0,0,0,0,0,0,0,0,0,0,0,0,0,0,0,0,0,0,0,0,0,0
0,0,0,0,0,0,0,0,0,0,0,0,0,0,0,0,0,0,0,0,0,0,0,0,0,0,0,0,0,0,0,0,0,0,0,0,0,0,0,0,0,0,0,0,0,0,0,0,0,0,0,0,0,0,0,0,0,0,0,0,0,0,0
0,0,0,0,0,0,0,0,0,0,0,0,0,0,0,0,0,0,0,0,0,0,0,0,0,0,0,0,0,0,0,0,0,0,0,0,0,0,0,0,0,0,0,0,0,0,0,0,0,0,0,0,0,0,0,0,0,0,0,0,0,0,0
0,0,0,0,0,0,0,0,0,0,0,0,0,0,0,0,0,0,0,0,0,0,0,0,0,0,0,0,0,0,0,0,0,0,0,0,0,0,0,0,0,0,0,0,0,0,0,0,0,0,0,0,0,0,0,0,0,0,0,0,0,0,0
0,0,0,0,0,0,0,0,0,0,0,0,0,0,0,0,0,0,0,0,0,0,0,0,0,0,0,0,0,0,0,0,0,0,0,0,0,0,0,0,0,0,0,0,0,0,0,0,0,0,0,0,0,0,0,0,0,0,0,0,0,0,0
0,0,0,0,0,0,0,0,0,0,0,0,0,0,0,0,0,0,0,0,0,0,0,0,0,0,0,0,0,0,0,0,0,0,0,0,0,0,0,0,0,0,0,0,0,0,0,0,0,0,0,0,0,0,0,0,0,0,0,0,0,0,0
0,0,0,0,0,0,0,0,0,0,0,0,0,0,0,0,0,0,0,0,0,0,0,0,0,0,0,0,0,0,0,0,0,0,0,0,0,0,0,0,0,0,0,0,0,0,0,0,0,0,0,0,0,0,0,0,0,0,0,0,0,0,0
0,0,0,0,0,0,0,0,0,0,0,0,0,0,0,0,0,0,0,0,0,0,0,0,0,0,0,0,0,0,0,0,0,0,0,0,0,0,0,0,0,0,0,0,0,0,0,0,0,0,0,0,0,0,0,0,0,0,0,0,0,0,0
0,0,0,0,0,0,0,0,0,0,0,0,0,0,0,0,0,0,0,0,0,0,0,0,0,0,0,0,0,0,0,0,0,0,0,0,0,0,0,0,0,0,0,0,0,0,0,0,0,0,0,0,0,0,0,0,0,0,0,0,0,0,0
0,0,0,0,0,0,0,0,0,0,0,0,0,0,0,0,0,0,0,0,0,0,0,0,0,0,0,0,0,0,0,0,0,0,0,0,0,0,0,0,0,0,0,0,0,0,0,0,0,0,0,0,0,0,0,0,0,0,0,0,0,0,0
0,0,0,0,0,0,0,0,0,0,0,0,0,0,0,0,0,0,0,0,0,0,0,0,0,0,0,0,0,0,0,0,0,0,0,0,0,0,0,0,0,0,0,0,0,0,0,0,0,0,0,0,0,0,0,0,0,0,0,0,0,0,0
0,0,0,0,0,0,0,0,0,0,0,0,0,0,0,0,0,0,0,0,0,0,0,0,0,0,0,0,0,0,0,0,0,0,0,0,0,0,0,0,0,0,0,0,0,0,0,0,0,0,0,0,0,0,0,0,0,0,0,0,0,0,0
0,0,0,0,0,0,0,0,0,0,0,0,0,0,0,0,0,0,0,0,0,0,0,0,0,0,0,0,0,0,0,0,0,0,0,0,0,0,0,0,0,0,0,0,0,0,0,0,0,0,0,0,0,0,0,0,0,0,0,0,0,0,0
0,0,0,0,0,0,0,0,0,0,0,0,0,0,0,0,0,0,0,0,0,0,0,0,0,0,0,0,0,0,0,0,0,0,0,0,0,0,0,0,0,0,0,0,0,0,0,0,0,0,0,0,0,0,0,0,0,0,0,0,0,0,0
0,0,0,0,0,0,0,0,0,0,0,0,0,0,0,0,0,0,0,0,0,0,0,0,0,0,0,0,0,0,0,0,0,0,0,0,0,0,0,0,0,0,0,0,0,0,0,0,0,0,0,0,0,0,0,0,0,0,0,0,0,0,0
0,0,0,0,0,0,0,0,0,0,0,0,0,0,0,0,0,0,0,0,0,0,0,0,0,0,0,0,0,0,0,0,0,0,0,0,0,0,0,0,0,0,0,0,0,0,0,0,0,0,0,0,0,0,0,0,0,0,0,0,0,0,0
0,0,0,0,0,0,0,0,0,0,0,0,0,0,0,0,0,0,0,0,0,0,0,0,0,0,0,0,0,0,0,0,0,0,0,0,0,0,0,0,0,0,0,0,0,0,0,0,0,0,0,0,0,0,0,0,0,0,0,0,0,0,0
0,0,0,0,0,0,0,0,0,0,0,0,0,0,0,0,0,0,0,0,0,0,0,0,0,0,0,0,0,0,0,0,0,0,0,0,0,0,0,0,0,0,0,0,0,0,0,0,0,0,0,0,0,0,0,0,0,0,0,0,0,0,0
0,0,0,0,0,0,0,0,0,0,0,0,0,0,0,0,0,0,0,0,0,0,0,0,0,0,0,0,0,0,0,0,0,0,0,0,0,0,0,0,0,0,0,0,0,0,0,0,0,0,0,0,0,0,0,0,0,0,0,0,0,0,0
0,0,0,0,0,0,0,0,0,0,0,0,0,0,0,0,0,0,0,0,0,0,0,0,0,0,0,0,0,0,0,0,0,0,0,0,0,0,0,0,0,0,0,0,0,0,0,0,0,0,0,0,0,0,0,0,0,0,0,0,0,0,0
0,0,0,0,0,0,0,0,0,0,0,0,0,0,0,0,0,0,0,0,0,0,0,0,0,0,0,0,0,0,0,0,0,0,0,0,0,0,0,0,0,0,0,0,0,0,0,0,0,0,0,0,0,0,0,0,0,0,0,0,0,0,0
0,0,0,0,0,0,0,0,0,0,0,0,0,0,0,0,0,0,0,0,0,0,0,0,0,0,0,0,0,0,0,0,0,0,0,0,0,0,0,0,0,0,0,0,0,0,0,0,0,0,0,0,0,0,0,0,0,0,0,0,0,0,0
0,0,0,0,0,0,0,0,0,0,0,0,0,0,0,0,0,0,0,0,0,0,0,0,0,0,0,0,0,0,0,0,0,0,0,0,0,0,0,0,0,0,0,0,0,0,0,0,0,0,0,0,0,0,0,0,0,0,0,0,0,0,0
0,0,0,0,0,0,0,0,0,0,0,0,0,0,0,0,0,0,0,0,0,0,0,0,0,0,0,0,0,0,0,0,0,0,0,0,0,0,0,0,0,0,0,0,0,0,0,0,0,0,0,0,0,0,0,0,0,0,0,0,0,0,0
0,0,0,0,0,0,0,0,0,0,0,0,0,0,0,0,0,0,0,0,0,0,0,0,0,0,0,0,0,0,0,0,0,0,0,0,0,0,0,0,0,0,0,0,0,0,0,0,0,0,0,0,0,0,0,0,0,0,0,0,0,0,0
0,0,0,0,0,0,0,0,0,0,0,0,0,0,0,0,0,0,0,0,0,0,0,0,0,0,0,0,0,0,0,0,0,0,0,0,0,0,0,0,0,0,0,0,0,0,0,0,0,0,0,0,0,0,0,0,0,0,0,0,0,0,0
0,0,0,0,0,0,0,0,0,0,0,0,0,0,0,0,0,0,0,0,0,0,0,0,0,0,0,0,0,0,0,0,0,0,0,0,0,0,0,0,0,0,0,0,0,0,0,0,0,0,0,0,0,0,0,0,0,0,0,0,0,0,0
0,0,0,0,0,0,0,0,0,0,0,0,0,0,0,0,0,0,0,0,0,0,0,0,0,0,0,0,0,0,0,0,0,0,0,0,0,0,0,0,0,0,0,0,0,0,0,0,0,0,0,0,0,0,0,0,0,0,0,0,0,0,0
0,0,0,0,0,0,0,0,0,0,0,0,0,0,0,0,0,0,0,0,0,0,0,0,0,0,0,0,0,0,0,0,0,0,0,0,0,0,0,0,0,0,0,0,0,0,0,0,0,0,0,0,0,0,0,0,0,0,0,0,0,0,0
0,0,0,0,0,0,0,0,0,0,0,0,0,0,0,0,0,0,0,0,0,0,0,0,0,0,0,0,0,0,0,0,0,0,0,0,0,0,0,0,0,0,0,0,0,0,0,0,0,0,0,0,0,0,0,0,0,0,0,0,0,0,0
0,0,0,0,0,0,0,0,0,0,0,0,0,0,0,0,0,0,0,0,0,0,0,0,0,0,0,0,0,0,0,0,0,0,0,0,0,0,0,0,0,0,0,0,0,0,0,0,0,0,0,0,0,0,0,0,0,0,0,0,0,0,0
0,0,0,0,0,0,0,0,0,0,0,0,0,0,0,0,0,0,0,0,0,0,0,0,0,0,0,0,0,0,0,0,0,0,0,0,0,0,0,0,0,0,0,0,0,0,0,0,0,0,0,0,0,0,0,0,0,0,0,0,0,0,0
0,0,0,0,0,0,0,0,0,0,0,0,0,0,0,0,0,0,0,0,0,0,0,0,0,0,0,0,0,0,0,0,0,0,0,0,0,0,0,0,0,0,0,0,0,0,0,0,0,0,0,0,0,0,0,0,0,0,0,0,0,0,0
0,0,0,0,0,0,0,0,0,0,0,0,0,0,0,0,0,0,0,0,0,0,0,0,0,0,0,0,0,0,0,0,0,0,0,0,0,0,0,0,0,0,0,0,0,0,0,0,0,0,0,0,0,0,0,0,0,0,0,0,0,0,0
0,0,0,0,0,0,0,0,0,0,0,0,0,0,0,0,0,0,0,0,0,0,0,0,0,0,0,0,0,0,0,0,0,0,0,0,0,0,0,0,0,0,0,0,0,0,0,0,0,0,0,0,0,0,0,0,0,0,0,0,0,0,0
0,0,0,0,0,0,0,0,0,0,0,0,0,0,0,0,0,0,0,0,0,0,0,0,0,0,0,0,0,0,0,0,0,0,0,0,0,0,0,0,0,0,0,0,0,0,0,0,0,0,0,0,0,0,0,0,0,0,0,0,0,0,0
0,0,0,0,0,0,0,0,0,0,0,0,0,0,0,0,0,0,0,0,0,0,0,0,0,0,0,0,0,0,0,0,0,0,0,0,0,0,0,0,0,0,0,0,0,0,0,0,0,0,0,0,0,0,0,0,0,0,0,0,0,0,0
0,0,0,0,0,0,0,0,0,0,0,0,0,0,0,0,0,0,0,0,0,0,0,0,0,0,0,0,0,0,0,0,0,0,0,0,0,0,0,0,0,0,0,0,0,0,0,0,0,0,0,0,0,0,0,0,0,0,0,0,0,0,0
0,0,0,0,0,0,0,0,0,0,0,0,0,0,0,0,0,0,0,0,0,0,0,0,0,0,0,0,0,0,0,0,0,0,0,0,0,0,0,0,0,0,0,0,0,0,0,0,0,0,0,0,0,0,0,0,0,0,0,0,0,0,0
0,0,0,0,0,0,0,0,0,0,0,0,0,0,0,0,0,0,0,0,0,0,0,0,0,0,0,0,0,0,0,0,0,0,0,0,0,0,0,0,0,0,0,0,0,0,0,0,0,0,0,0,0,0,0,0,0,0,0,0,0,0,0
0,0,0,0,0,0,0,0,0,0,0,0,0,0,0,0,0,0,0,0,0,0,0,0,0,0,0,0,0,0,0,0,0,0,0,0,0,0,0,0,0,0,0,0,0,0,0,0,0,0,0,0,0,0,0,0,0,0,0,0,0,0,0
0,0,0,0,0,0,0,0,0,0,0,0,0,0,0,0,0,0,0,0,0,0,0,0,0,0,0,0,0,0,0,0,0,0,0,0,0,0,0,0,0,0,0,0,0,0,0,0,0,0,0,0,0,0,0,0,0,0,0,0,0,0,0
0,0,0,0,0,0,0,0,0,0,0,0,0,0,0,0,0,0,0,0,0,0,0,0,0,0,0,0,0,0,0,0,0,0,0,0,0,0,0,0,0,0,0,0,0,0,0,0,0,0,0,0,0,0,0,0,0,0,0,0,0,0,0
0,0,0,0,0,0,0,0,0,0,0,0,0,0,0,0,0,0,0,0,0,0,0,0,0,0,0,0,0,0,0,0,0,0,0,0,0,0,0,0,0,0,0,0,0,0,0,0,0,0,0,0,0,0,0,0,0,0,0,0,0,0,0
0,0,0,0,0,0,0,0,0,0,0,0,0,0,0,0,0,0,0,0,0,0,0,0,0,0,0,0,0,0,0,0,0,0,0,0,0,0,0,0,0,0,0,0,0,0,0,0,0,0,0,0,0,0,0,0,0,0,0,0,0,0,0
0,0,0,0,0,0,0,0,0,0,0,0,0,0,0,0,0,0,0,0,0,0,0,0,0,0,0,0,0,0,0,0,0,0,0,0,0,0,0,0,0,0,0,0,0,0,0,0,0,0,0,0,0,0,0,0,0,0,0,0,0,0,0
0,0,0,0,0,0,0,0,0,0,0,0,0,0,0,0,0,0,0,0,0,0,0,0,0,0,0,0,0,0,0,0,0,0,0,0,0,0,0,0,0,0,0,0,0,0,0,0,0,0,0,0,0,0,0,0,0,0,0,0,0,0,0
0,0,0,0,0,0,0,0,0,0,0,0,0,0,0,0,0,0,0,0,0,0,0,0,0,0,0,0,0,0,0,0,0,0,0,0,0,0,0,0,0,0,0,0,0,0,0,0,0,0,0,0,0,0,0,0,0,0,0,0,0,0,0
0,0,0,0,0,0,0,0,0,0,0,0,0,0,0,0,0,0,0,0,0,0,0,0,0,0,0,0,0,0,0,0,0,0,0,0,0,0,0,0,0,0,0,0,0,0,0,0,0,0,0,0,0,0,0,0,0,0,0,0,0,0,0
0,0,0,0,0,0,0,0,0,0,0,0,0,0,0,0,0,0,0,0,0,0,0,0,0,0,0,0,0,0,0,0,0,0,0,0,0,0,0,0,0,0,0,0,0,0,0,0,0,0,0,0,0,0,0,0,0,0,0,0,0,0,0
0,0,0,0,0,0,0,0,0,0,0,0,0,0,0,0,0,0,0,0,0,0,0,0,0,0,0,0,0,0,0,0,0,0,0,0,0,0,0,0,0,0,0,0,0,0,0,0,0,0,0,0,0,0,0,0,0,0,0,0,0,0,0
0,0,0,0,0,0,0,0,0,0,0,0,0,0,0,0,0,0,0,0,0,0,0,0,0,0,0,0,0,0,0,0,0,0,0,0,0,0,0,0,0,0,0,0,0,0,0,0,0,0,0,0,0,0,0,0,0,0,0,0,0,0,0
0,0,0,0,0,0,0,0,0,0,0,0,0,0,0,0,0,0,0,0,0,0,0,0,0,0,0,0,0,0,0,0,0,0,0,0,0,0,0,0,0,0,0,0,0,0,0,0,0,0,0,0,0,0,0,0,0,0,0,0,0,0,0
0,0,0,0,0,0,0,0,0,0,0,0,0,0,0,0,0,0,0,0,0,0,0,0,0,0,0,0,0,0,0,0,0,0,0,0,0,0,0,0,0,0,0,0,0,0,0,0,0,0,0,0,0,0,0,0,0,0,0,0,0,0,0
0,0,0,0,0,0,0,0,0,0,0,0,0,0,0,0,0,0,0,0,0,0,0,0,0,0,0,0,0,0,0,0,0,0,0,0,0,0,0,0,0,0,0,0,0,0,0,0,0,0,0,0,0,0,0,0,0,0,0,0,0,0,0
0,0,0,0,0,0,0,0,0,0,0,0,0,0,0,0,0,0,0,0,0,0,0,0,0,0,0,0,0,0,0,0,0,0,0,0,0,0,0,0,0,0,0,0,0,0,0,0,0,0,0,0,0,0,0,0,0,0,0,0,0,0,0
0,0,0,0,0,0,0,0,0,0,0,0,0,0,0,0,0,0,0,0,0,0,0,0,0,0,0,0,0,0,0,0,0,0,0,0,0,0,0,0,0,0,0,0,0,0,0,0,0,0,0,0,0,0,0,0,0,0,0,0,0,0,0
0,0,0,0,0,0,0,0,0,0,0,0,0,0,0,0,0,0,0,0,0,0,0,0,0,0,0,0,0,0,0,0,0,0,0,0,0,0,0,0,0,0,0,0,0,0,0,0,0,0,0,0,0,0,0,0,0,0,0,0,0,0,0
0,0,0,0,0,0,0,0,0,0,0,0,0,0,0,0,0,0,0,0,0,0,0,0,0,0,0,0,0,0,0,0,0,0,0,0,0,0,0,0,0,0,0,0,0,0,0,0,0,0,0,0,0,0,0,0,0,0,0,0,0,0,0
0,0,0,0,0,0,0,0,0,0,0,0,0,0,0,0,0,0,0,0,0,0,0,0,0,0,0,0,0,0,0,0,0,0,0,0,0,0,0,0,0,0,0,0,0,0,0,0,0,0,0,0,0,0,0,0,0,0,0,0,0,0,0
0,0,0,0,0,0,0,0,0,0,0,0,0,0,0,0,0,0,0,0,0,0,0,0,0,0,0,0,0,0,0,0,0,0,0,0,0,0,0,0,0,0,0,0,0,0,0,0,0,0,0,0,0,0,0,0,0,0,0,0,0,0,0
0,0,0,0,0,0,0,0,0,0,0,0,0,0,0,0,0,0,0,0,0,0,0,0,0,0,0,0,0,0,0,0,0,0,0,0,0,0,0,0,0,0,0,0,0,0,0,0,0,0,0,0,0,0,0,0,0,0,0,0,0,0,0
0,0,0,0,0,0,0,0,0,0,0,0,0,0,0,0,0,0,0,0,0,0,0,0,0,0,0,0,0,0,0,0,0,0,0,0,0,0,0,0,0,0,0,0,0,0,0,0,0,0,0,0,0,0,0,0,0,0,0,0,0,0,0
0,0,0,0,0,0,0,0,0,0,0,0,0,0,0,0,0,0,0,0,0,0,0,0,0,0,0,0,0,0,0,0,0,0,0,0,0,0,0,0,0,0,0,0,0,0,0,0,0,0,0,0,0,0,0,0,0,0,0,0,0,0,0
0,0,0,0,0,0,0,0,0,0,0,0,0,0,0,0,0,0,0,0,0,0,0,0,0,0,0,0,0,0,0,0,0,0,0,0,0,0,0,0,0,0,0,0,0,0,0,0,0,0,0,0,0,0,0,0,0,0,0,0,0,0,0
0,0,0,0,0,0,0,0,0,0,0,0,0,0,0,0,0,0,0,0,0,0,0,0,0,0,0,0,0,0,0,0,0,0,0,0,0,0,0,0,0,0,0,0,0,0,0,0,0,0,0,0,0,0,0,0,0,0,0,0,0,0,0
0,0,0,0,0,0,0,0,0,0,0,0,0,0,0,0,0,0,0,0,0,0,0,0,0,0,0,0,0,0,0,0,0,0,0,0,0,0,0,0,0,0,0,0,0,0,0,0,0,0,0,0,0,0,0,0,0,0,0,0,0,0,0
0,0,0,0,0,0,0,0,0,0,0,0,0,0,0,0,0,0,0,0,0,0,0,0,0,0,0,0,0,0,0,0,0,0,0,0,0,0,0,0,0,0,0,0,0,0,0,0,0,0,0,0,0,0,0,0,0,0,0,0,0,0,0
0,0,0,0,0,0,0,0,0,0,0,0,0,0,0,0,0,0,0,0,0,0,0,0,0,0,0,0,0,0,0,0,0,0,0,0,0,0,0,0,0,0,0,0,0,0,0,0,0,0,0,0,0,0,0,0,0,0,0,0,0,0,0
0,0,0,0,0,0,0,0,0,0,0,0,0,0,0,0,0,0,0,0,0,0,0,0,0,0,0,0,0,0,0,0,0,0,0,0,0,0,0,0,0,0,0,0,0,0,0,0,0,0,0,0,0,0,0,0,0,0,0,0,0,0,0
0,0,0,0,0,0,0,0,0,0,0,0,0,0,0,0,0,0,0,0,0,0,0,0,0,0,0,0,0,0,0,0,0,0,0,0,0,0,0,0,0,0,0,0,0,0,0,0,0,0,0,0,0,0,0,0,0,0,0,0,0,0,0
0,0,0,0,0,0,0,0,0,0,0,0,0,0,0,0,0,0,0,0,0,0,0,0,0,0,0,0,0,0,0,0,0,0,0,0,0,0,0,0,0,0,0,0,0,0,0,0,0,0,0,0,0,0,0,0,0,0,0,0,0,0,0
0,0,0,0,0,0,0,0,0,0,0,0,0,0,0,0,0,0,0,0,0,0,0,0,0,0,0,0,0,0,0,0,0,0,0,0,0,0,0,0,0,0,0,0,0,0,0,0,0,0,0,0,0,0,0,0,0,0,0,0,0,0,0
0,0,0,0,0,0,0,0,0,0,0,0,0,0,0,0,0,0,0,0,0,0,0,0,0,0,0,0,0,0,0,0,0,0,0,0,0,0,0,0,0,0,0,0,0,0,0,0,0,0,0,0,0,0,0,0,0,0,0,0,0,0,0
0,0,0,0,0,0,0,0,0,0,0,0,0,0,0,0,0,0,0,0,0,0,0,0,0,0,0,0,0,0,0,0,0,0,0,0,0,0,0,0,0,0,0,0,0,0,0,0,0,0,0,0,0,0,0,0,0,0,0,0,0,0,0
0,0,0,0,0,0,0,0,0,0,0,0,0,0,0,0,0,0,0,0,0,0,0,0,0,0,0,0,0,0,0,0,0,0,0,0,0,0,0,0,0,0,0,0,0,0,0,0,0,0,0,0,0,0,0,0,0,0,0,0,0,0,0
0,0,0,0,0,0,0,0,0,0,0,0,0,0,0,0,0,0,0,0,0,0,0,0,0,0,0,0,0,0,0,0,0,0,0,0,0,0,0,0,0,0,0,0,0,0,0,0,0,0,0,0,0,0,0,0,0,0,0,0,0,0,0
0,0,0,0,0,0,0,0,0,0,0,0,0,0,0,0,0,0,0,0,0,0,0,0,0,0,0,0,0,0,0,0,0,0,0,0,0,0,0,0,0,0,0,0,0,0,0,0,0,0,0,0,0,0,0,0,0,0,0,0,0,0,0
0,0,0,0,0,0,0,0,0,0,0,0,0,0,0,0,0,0,0,0,0,0,0,0,0,0,0,0,0,0,0,0,0,0,0,0,0,0,0,0,0,0,0,0,0,0,0,0,0,0,0,0,0,0,0,0,0,0,0,0,0,0,0
0,0,0,0,0,0,0,0,0,0,0,0,0,0,0,0,0,0,0,0,0,0,0,0,0,0,0,0,0,0,0,0,0,0,0,0,0,0,0,0,0,0,0,0,0,0,0,0,0,0,0,0,0,0,0,0,0,0,0,0,0,0,0
0,0,0,0,0,0,0,0,0,0,0,0,0,0,0,0,0,0,0,0,0,0,0,0,0,0,0,0,0,0,0,0,0,0,0,0,0,0,0,0,0,0,0,0,0,0,0,0,0,0,0,0,0,0,0,0,0,0,0,0,0,0,0
0,0,0,0,0,0,0,0,0,0,0,0,0,0,0,0,0,0,0,0,0,0,0,0,0,0,0,0,0,0,0,0,0,0,0,0,0,0,0,0,0,0,0,0,0,0,0,0,0,0,0,0,0,0,0,0,0,0,0,0,0,0,0
0,0,0,0,0,0,0,0,0,0,0,0,0,0,0,0,0,0,0,0,0,0,0,0,0,0,0,0,0,0,0,0,0,0,0,0,0,0,0,0,0,0,0,0,0,0,0,0,0,0,0,0,0,0,0,0,0,0,0,0,0,0,0
0,0,0,0,0,0,0,0,0,0,0,0,0,0,0,0,0,0,0,0,0,0,0,0,0,0,0,0,0,0,0,0,0,0,0,0,0,0,0,0,0,0,0,0,0,0,0,0,0,0,0,0,0,0,0,0,0,0,0,0,0,0,0
0,0,0,0,0,0,0,0,0,0,0,0,0,0,0,0,0,0,0,0,0,0,0,0,0,0,0,0,0,0,0,0,0,0,0,0,0,0,0,0,0,0,0,0,0,0,0,0,0,0,0,0,0,0,0,0,0,0,0,0,0,0,0
0,0,0,0,0,0,0,0,0,0,0,0,0,0,0,0,0,0,0,0,0,0,0,0,0,0,0,0,0,0,0,0,0,0,0,0,0,0,0,0,0,0,0,0,0,0,0,0,0,0,0,0,0,0,0,0,0,0,0,0,0,0,0
0,0,0,0,0,0,0,0,0,0,0,0,0,0,0,0,0,0,0,0,0,0,0,0,0,0,0,0,0,0,0,0,0,0,0,0,0,0,0,0,0,0,0,0,0,0,0,0,0,0,0,0,0,0,0,0,0,0,0,0,0,0,0
3.63956e-91,0,0,0,0,0,0,0,0,0,0,0,0,0,0,0,0,0,0,0,0,0,0,0,0,0,0,0,0,0,0,0,0,0,0,0,0,0,0,0,0,0,0,0,0,0,0,0,0,0,0,0,0,0,0,0,0,0,0,0,0,0,0
1.59106e-84,2.4353e-86,9.0989e-92,0,0,0,0,0,0,0,0,0,0,0,0,0,0,0,0,0,0,0,0,0,0,0,0,0,0,0,0,0,0,0,0,0,0,0,0,0,0,0,0,0,0,0,0,0,0,0,0,0,0,0,0,0,0,0,0,0,0,0,0
3.32635e-82,8.40541e-84,3.97766e-85,6.08825e-87,2.27472e-92,0,0,0,0,0,0,0,0,0,0,0,0,0,0,0,0,0,0,0,0,0,0,0,0,0,0,0,0,0,0,0,0,0,0,0,0,0,0,0,0,0,0,0,0,0,0,0,0,0,0,0,0,0,0,0,0,0,0
3.47849e-80,1.2094e-81,8.37555e-83,2.11048e-84,9.94416e-86,1.52206e-87,5.68681e-93,0,0,0,0,0,0,0,0,0,0,0,0,0,0,0,0,0,0,0,0,0,0,0,0,0,0,0,0,0,0,0,0,0,0,0,0,0,0,0,0,0,0,0,0,0,0,0,0,0,0,0,0,0,0,0,0
2.42607e-78,1.0637e-79,8.82149e-81,3.05511e-82,2.1088e-83,5.29904e-85,2.48604e-86,3.80516e-88,1.4217e-93,0,0,0,0,0,0,0,0,0,0,0,0,0,0,0,0,0,0,0,0,0,0,0,0,0,0,0,0,0,0,0,0,0,0,0,0,0,0,0,0,0,0,0,0,0,0,0,0,0,0,0,0,0,0
1.26961e-76,6.66992e-78,6.19671e-79,2.70488e-80,2.23691e-81,7.71712e-83,5.3093e-84,1.33047e-85,6.2151e-87,9.51289e-89,3.55426e-94,0,0,0,0,0,0,0,0,0,0,0,0,0,0,0,0,0,0,0,0,0,0,0,0,0,0,0,0,0,0,0,0,0,0,0,0,0,0,0,0,0,0,0,0,0,0,0,0,0,0,0,0
5.31774e-75,3.23709e-76,3.26614e-77,1.70777e-78,1.58253e-79,6.87745e-81,5.67169e-82,1.9492e-83,1.33665e-84,3.34044e-86,1.55378e-87,2.37822e-89,8.88564e-95,0,0,0,0,0,0,0,0,0,0,0,0,0,0,0,0,0,0,0,0,0,0,0,0,0,0,0,0,0,0,0,0,0,0,0,0,0,0,0,0,0,0,0,0,0,0,0,0,0,0
1.85701e-73,1.27926e-74,1.37785e-75,8.34637e-77,8.40063e-78,4.37186e-79,4.04091e-80,1.74848e-81,1.43791e-82,4.92302e-84,3.36493e-85,8.38677e-87,3.88444e-88,5.94555e-90,2.22141e-95,0,0,0,0,0,0,0,0,0,0,0,0,0,0,0,0,0,0,0,0,0,0,0,0,0,0,0,0,0,0,0,0,0,0,0,0,0,0,0,0,0,0,0,0,0,0,0,0
5.56129e-72,4.26027e-73,4.84616e-74,3.32176e-75,3.56915e-76,2.15153e-77,2.16024e-78,1.11901e-79,1.03167e-80,4.44472e-82,3.64511e-83,1.24331e-84,8.47058e-86,2.10561e-87,9.71111e-89,1.48639e-90,5.55353e-96,0,0,0,0,0,0,0,0,0,0,0,0,0,0,0,0,0,0,0,0,0,0,0,0,0,0,0,0,0,0,0,0,0,0,0,0,0,0,0,0,0,0,0,0,0,0
1.45804e-70,1.22548e-71,1.46173e-72,1.11411e-73,1.26429e-74,8.62303e-76,9.24312e-77,5.54503e-78,5.55401e-79,2.86373e-80,2.63354e-81,1.12975e-82,9.23947e-84,3.13981e-85,2.13221e-86,5.28633e-88,2.42778e-89,3.71597e-91,1.38838e-96,0,0,0,0,0,0,0,0,0,0,0,0,0,0,0,0,0,0,0,0,0,0,0,0,0,0,0,0,0,0,0,0,0,0,0,0,0,0,0,0,0,0,0,0
3.39968e-69,3.10195e-70,3.85982e-71,3.22771e-72,3.84062e-73,2.91262e-74,3.29735e-75,2.23789e-76,2.39312e-77,1.4288e-78,1.42766e-79,7.32763e-81,6.72165e-82,2.87128e-83,2.34176e-84,7.92869e-86,5.36695e-87,1.32716e-88,6.06945e-90,9.28993e-92,3.47095e-97,0,0,0,0,0,0,0,0,0,0,0,0,0,0,0,0,0,0,0,0,0,0,0,0,0,0,0,0,0,0,0,0,0,0,0,0,0,0,0,0,0,0
7.13811e-68,7.00976e-69,9.06451e-70,8.22861e-71,1.02138e-71,8.49811e-73,1.00875e-73,7.61204e-75,8.59715e-76,5.80635e-77,6.19449e-78,3.68085e-79,3.66912e-80,1.87468e-81,1.71534e-82,7.29663e-84,5.93468e-85,2.00204e-86,1.35084e-87,3.33182e-89,1.51736e-90,2.32248e-92,8.67739e-98,0,0,0,0,0,0,0,0,0,0,0,0,0,0,0,0,0,0,0,0,0,0,0,0,0,0,0,0,0,0,0,0,0,0,0,0,0,0,0,0
1.36324e-66,1.43067e-67,1.91689e-68,1.87285e-69,2.41575e-70,2.1819e-71,2.70168e-72,2.23662e-73,2.6486e-74,1.98877e-75,2.24087e-76,1.50612e-77,1.60303e-78,9.48064e-80,9.4279e-81,4.79541e-82,4.37686e-83,1.85406e-84,1.50387e-85,5.055e-87,3.39986e-88,8.36439e-90,3.79341e-91,5.80621e-93,2.16935e-98,0,0,0,0,0,0,0,0,0,0,0,0,0,0,0,0,0,0,0,0,0,0,0,0,0,0,0,0,0,0,0,0,0,0,0,0,0,0
2.38787e-65,2.66227e-66,3.68717e-67,3.84992e-68,5.14505e-69,5.00148e-70,6.43519e-71,5.78313e-72,7.14346e-73,5.88442e-74,6.95183e-75,5.19439e-76,5.83919e-77,3.90574e-78,4.14739e-79,2.44141e-80,2.42207e-81,1.22648e-82,1.11665e-83,4.71067e-85,3.81054e-86,1.27628e-87,8.55656e-89,2.09981e-90,9.48352e-92,1.45155e-93,5.42337e-99,0,0,0,0,0,0,0,0,0,0,0,0,0,0,0,0,0,0,0,0,0,0,0,0,0,0,0,0,0,0,0,0,0,0,0,0
3.86301e-64,4.55262e-65,6.50486e-66,7.21568e-67,9.96714e-68,1.03546e-68,1.38027e-69,1.33503e-70,1.71348e-71,1.53219e-72,1.88805e-73,1.54761e-74,1.82404e-75,1.3563e-76,1.52113e-77,1.01261e-78,1.07277e-79,6.28575e-81,6.22127e-82,3.13638e-83,2.84846e-84,1.19673e-85,9.65435e-87,3.22213e-88,2.15336e-89,5.27129e-91,2.37088e-92,3.62888e-94,1.35584e-99,0,0,0,0,0,0,0,0,0,0,0,0,0,0,0,0,0,0,0,0,0,0,0,0,0,0,0,0,0,0,0,0,0,0
5.80625e-63,7.2021e-64,1.05989e-64,1.2428e-65,1.77092e-66,1.95457e-67,2.69282e-68,2.78352e-69,3.70102e-70,3.5619e-71,4.5604e-72,4.05776e-73,4.98827e-74,4.06883e-75,4.7844e-76,3.54035e-77,3.96147e-78,2.62466e-79,2.7742e-80,1.61804e-81,1.59769e-82,8.01926e-84,7.26516e-85,3.03997e-86,2.4458e-87,8.13426e-89,5.41898e-90,1.32327e-91,5.9272e-93,9.0722e-95,3.3896e-100,0,0,0,0,0,0,0,0,0,0,0,0,0,0,0,0,0,0,0,0,0,0,0,0,0,0,0,0,0,0,0,0
8.14971e-62,1.06003e-62,1.60448e-63,1.98022e-64,2.90606e-65,3.39053e-66,4.81835e-67,5.2915e-68,7.2712e-69,7.47877e-70,9.91897e-71,9.49896e-72,1.21322e-72,1.07421e-73,1.31741e-74,1.06936e-75,1.25452e-76,9.23869e-78,1.0314e-78,6.80142e-80,7.17247e-81,4.16427e-82,4.10229e-83,2.05011e-84,1.85278e-85,7.72145e-87,6.19556e-88,2.05338e-89,1.36363e-90,3.32177e-92,1.4818e-93,2.26805e-95,8.47401e-101,0,0,0,0,0,0,0,0,0,0,0,0,0,0,0,0,0,0,0,0,0,0,0,0,0,0,0,0,0,0
1.07299e-60,1.45874e-61,2.26823e-62,2.93553e-63,4.43062e-64,5.4409e-65,7.9628e-66,9.24407e-67,1.3102e-67,1.43173e-68,1.96233e-69,2.00839e-70,2.65707e-71,2.53207e-72,3.22619e-73,2.84261e-74,3.478e-75,2.80954e-76,3.28841e-77,2.41018e-78,2.68459e-79,1.76207e-80,1.85397e-81,1.07154e-82,1.05314e-83,5.24034e-85,4.72436e-86,1.96104e-87,1.56929e-88,5.18319e-90,3.43131e-91,8.33846e-93,3.70451e-94,5.67012e-96,2.1185e-101,0,0,0,0,0,0,0,0,0,0,0,0,0,0,0,0,0,0,0,0,0,0,0,0,0,0,0,0
1.33033e-59,1.885e-60,3.00778e-61,4.06875e-62,6.30809e-63,8.12336e-64,1.22261e-64,1.49395e-65,2.18045e-66,2.5188e-67,3.5606e-68,3.87172e-69,5.29305e-70,5.39075e-71,7.11429e-72,6.74657e-73,8.57545e-74,7.51932e-75,9.17862e-76,7.37901e-77,8.61701e-78,6.28586e-79,6.98572e-80,4.56398e-81,4.79117e-82,2.75672e-83,2.70312e-84,1.33931e-85,1.2045e-86,4.98003e-88,3.97455e-89,1.30828e-90,8.63385e-92,2.09312e-93,9.26127e-95,1.41753e-96,5.29626e-102,0,0,0,0,0,0,0,0,0,0,0,0,0,0,0,0,0,0,0,0,0,0,0,0,0,0
1.5586e-58,2.29594e-59,3.7559e-60,5.29548e-61,8.42442e-62,1.13397e-62,1.753e-63,2.24632e-64,3.37137e-65,4.09935e-66,5.96692e-67,6.85902e-68,9.67067e-69,1.04643e-69,1.42697e-70,1.44623e-71,1.90396e-72,1.79681e-73,2.27847e-74,1.98826e-75,2.4214e-76,1.93739e-77,2.2573e-78,1.63892e-79,1.81731e-80,1.18186e-81,1.2379e-82,7.09086e-84,6.93701e-85,3.42249e-86,3.07055e-87,1.26455e-88,1.00655e-89,3.30205e-91,2.17235e-92,5.25406e-94,2.31532e-95,3.54383e-97,1.32406e-102,0,0,0,0,0,0,0,0,0,0,0,0,0,0,0,0,0,0,0,0,0,0,0,0
1.73085e-57,2.64477e-58,4.43191e-59,6.49632e-60,1.05947e-60,1.4864e-61,2.35767e-62,3.15796e-63,4.86788e-64,6.20723e-65,9.29027e-66,1.12411e-66,1.63185e-67,1.86669e-68,2.62507e-69,2.82671e-70,3.845e-71,3.87807e-72,5.09309e-73,4.78336e-74,6.05133e-75,5.25539e-76,6.38557e-77,5.08505e-78,5.91138e-79,4.27201e-80,4.72643e-81,3.05975e-82,3.19767e-83,1.82359e-84,1.77994e-85,8.74467e-87,7.82656e-88,3.21072e-89,2.54888e-90,8.33381e-92,5.46562e-93,1.31883e-94,5.7883e-96,8.85957e-98,3.31016e-103,0,0,0,0,0,0,0,0,0,0,0,0,0,0,0,0,0,0,0,0,0,0
1.82699e-56,2.89001e-57,4.957e-58,7.53714e-59,1.25906e-59,1.83649e-60,2.98601e-61,4.16879e-62,6.59297e-63,8.78779e-64,1.35077e-64,1.71403e-65,2.55833e-66,3.08053e-67,4.46008e-68,5.07724e-69,7.12167e-70,7.63171e-71,1.03552e-71,1.03941e-72,1.36178e-73,1.27286e-74,1.60651e-75,1.38859e-76,1.68336e-77,1.33424e-78,1.54758e-79,1.11323e-80,1.22892e-81,7.9197e-83,8.25829e-84,4.68895e-85,4.5663e-86,2.23402e-87,1.99467e-88,8.15131e-90,6.45398e-91,2.1032e-92,1.37509e-93,3.31037e-95,1.44707e-96,2.21489e-98,8.2754e-104,0,0,0,0,0,0,0,0,0,0,0,0,0,0,0,0,0,0,0,0
1.83759e-55,3.00376e-56,5.26986e-57,8.29523e-58,1.41826e-58,2.14594e-59,3.57363e-60,5.18716e-61,8.40868e-62,1.16824e-62,1.84221e-63,2.44358e-64,3.74546e-65,4.72976e-66,7.04037e-67,8.43655e-68,1.21826e-68,1.38017e-69,1.93099e-70,2.05937e-71,2.78742e-72,2.78455e-73,3.63946e-74,3.38569e-75,4.26325e-76,3.66762e-77,4.43613e-78,3.49972e-79,4.0503e-80,2.90018e-81,3.19452e-82,2.04944e-83,2.13233e-84,1.20545e-85,1.17126e-86,5.70654e-88,5.08297e-89,2.06925e-90,1.63407e-91,5.30758e-93,3.45942e-94,8.30914e-96,3.61769e-97,5.53723e-99,2.06885e-104,0,0,0,0,0,0,0,0,0,0,0,0,0,0,0,0,0,0
1.76515e-54,2.97677e-55,5.33844e-56,8.68369e-57,1.51851e-57,2.37863e-58,4.05394e-59,6.10415e-60,1.01341e-60,1.46385e-61,2.36593e-62,3.27117e-63,5.14351e-64,6.78972e-65,1.03781e-65,1.30426e-66,1.93619e-67,2.30905e-68,3.32564e-69,3.74963e-70,5.23289e-71,5.55423e-72,7.49946e-73,7.45626e-74,9.72241e-75,9.0019e-76,1.13091e-76,9.68359e-78,1.16864e-78,9.17691e-80,1.05972e-80,7.55347e-82,8.30188e-83,5.30233e-84,5.50465e-85,3.09845e-86,3.00378e-87,1.45748e-88,1.29512e-89,5.25244e-91,4.13692e-92,1.33934e-93,8.70282e-95,2.08559e-96,9.04422e-98,1.38431e-99,5.17212e-105,0,0,0,0,0,0,0,0,0,0,0,0,0,0,0,0
1.62265e-53,2.81902e-54,5.16473e-55,8.66748e-56,1.54922e-56,2.50778e-57,4.37115e-58,6.81398e-59,1.15768e-59,1.73475e-60,2.87127e-61,4.12756e-62,6.65149e-63,9.15235e-64,1.43499e-64,1.88521e-65,2.87362e-66,3.59413e-67,5.32133e-68,6.31585e-69,9.07304e-70,1.01812e-70,1.41732e-71,1.49724e-72,2.01672e-73,1.99567e-74,2.5961e-75,2.39246e-76,2.99878e-77,2.55584e-78,3.07756e-79,2.40561e-80,2.77184e-81,1.96677e-82,2.15694e-83,1.37152e-84,1.42074e-85,7.96282e-87,7.7022e-88,3.72198e-89,3.29954e-90,1.33312e-91,1.04725e-92,3.37958e-94,2.18927e-95,5.23474e-97,2.26106e-98,3.46077e-100,1.29303e-105,0,0,0,0,0,0,0,0,0,0,0,0,0,0
1.4302e-52,2.55624e-53,4.78181e-54,8.26712e-55,1.50947e-55,2.52095e-56,4.49107e-57,7.23485e-58,1.25702e-58,1.9501e-59,3.30289e-60,4.92559e-61,8.12805e-62,1.16286e-62,1.86846e-63,2.55872e-64,4.0005e-65,5.23063e-66,7.95125e-67,9.89776e-68,1.46155e-68,1.7265e-69,2.47386e-70,2.76293e-71,3.83673e-72,4.03405e-73,5.42066e-74,5.339e-75,6.92914e-76,6.35595e-77,7.94868e-78,6.74338e-79,8.10192e-80,6.30409e-81,7.24798e-82,5.11976e-83,5.60266e-84,3.54689e-85,3.66618e-86,2.04604e-87,1.97465e-88,9.50366e-90,8.40512e-91,3.3833e-92,2.65088e-93,8.52733e-95,5.5071e-96,1.31388e-97,5.65264e-99,8.65192e-101,3.23258e-106,0,0,0,0,0,0,0,0,0,0,0,0
1.21073e-51,2.22358e-52,4.24489e-53,7.55029e-54,1.4075e-54,2.42165e-55,4.40677e-56,7.32435e-57,1.30057e-57,2.08511e-58,3.61131e-59,5.57572e-60,9.41459e-61,1.39731e-61,2.29893e-62,3.27341e-63,5.24448e-64,7.14794e-65,1.11444e-65,1.45024e-66,2.19859e-67,2.72392e-68,4.01174e-69,4.71673e-70,6.74135e-71,7.49382e-72,1.03807e-72,1.08636e-73,1.4563e-74,1.4277e-75,1.84864e-76,1.68789e-77,2.10611e-78,1.77857e-79,2.13218e-80,1.65154e-81,1.89471e-82,1.3324e-83,1.45494e-84,9.17065e-86,9.45856e-87,5.25641e-88,5.06173e-89,2.42635e-90,2.14084e-91,8.58567e-93,6.7096e-94,2.15151e-95,1.38525e-96,3.29767e-98,1.41316e-99,2.16298e-101,8.08144e-107,0,0,0,0,0,0,0,0,0,0
9.85974e-51,1.85861e-51,3.61925e-52,6.61488e-53,1.25835e-53,2.22744e-54,4.13812e-55,7.08565e-56,1.28511e-56,2.12575e-57,3.76245e-58,6.00338e-59,1.03649e-59,1.59272e-60,2.68111e-61,3.96049e-62,6.49678e-63,9.20703e-64,1.47088e-64,1.9953e-65,3.10227e-66,4.0181e-67,6.07518e-68,7.49156e-69,1.10048e-69,1.28783e-70,1.83599e-71,2.03143e-72,2.80715e-73,2.92413e-74,3.91063e-75,3.81614e-76,4.92995e-77,4.48062e-78,5.57832e-79,4.68936e-80,5.60943e-81,4.32538e-82,4.95158e-83,3.46664e-84,3.77737e-85,2.37062e-86,2.43978e-87,1.35018e-88,1.2973e-89,6.19386e-91,5.45223e-92,2.17857e-93,1.69813e-94,5.42816e-96,3.48433e-97,8.27662e-99,3.5329e-100,5.40745e-102,2.02036e-107,0,0,0,0,0,0,0,0
7.73554e-50,1.49516e-50,2.96852e-51,5.56883e-52,1.08053e-52,1.96539e-53,3.72575e-54,6.56352e-55,1.21523e-55,2.07092e-56,3.74362e-57,6.1631e-58,1.08734e-58,1.72677e-59,2.97204e-60,4.54544e-61,7.62853e-62,1.12158e-62,1.83446e-63,2.58755e-64,4.12208e-65,5.56561e-66,8.62958e-67,1.1125e-67,1.67758e-68,2.05908e-69,3.01691e-70,3.51415e-71,4.99747e-72,5.50387e-73,7.58722e-74,7.86699e-75,1.04964e-75,1.01958e-76,1.31417e-77,1.18895e-78,1.47695e-79,1.23598e-80,1.47527e-81,1.13249e-82,1.29367e-83,9.01728e-85,9.80466e-86,6.1268e-87,6.29204e-88,3.46756e-89,3.3244e-90,1.58094e-91,1.3884e-92,5.52753e-94,4.29745e-95,1.36943e-96,8.76382e-98,2.07727e-99,8.83226e-101,1.35186e-102,5.0509e-108,0,0,0,0,0,0
5.8548e-49,1.15924e-49,2.34567e-50,4.51198e-51,8.92556e-52,1.66638e-52,3.22183e-53,5.83232e-54,1.10181e-54,1.9318e-55,3.56471e-56,6.04606e-57,1.08938e-57,1.785e-58,3.13925e-59,4.96194e-60,8.51399e-61,1.29604e-61,2.16862e-62,3.17352e-63,5.17559e-64,7.26633e-65,1.15431e-65,1.5513e-66,2.39878e-67,3.07812e-68,4.62939e-69,5.65588e-70,8.26573e-71,9.58368e-72,1.35953e-72,1.49041e-73,2.04965e-74,2.1155e-75,2.81601e-76,2.72292e-77,3.50173e-78,3.15373e-79,3.90904e-80,3.25657e-81,3.87869e-82,2.96426e-83,3.37896e-84,2.34496e-85,2.54433e-86,1.58313e-87,1.62237e-88,8.90399e-90,8.51766e-91,4.03476e-92,3.53513e-93,1.40235e-94,1.08747e-95,3.45469e-97,2.2042e-98,5.21344e-100,2.20807e-101,3.37966e-103,1.26273e-108,0,0,0,0
4.28034e-48,8.67411e-49,1.7881e-49,3.52337e-50,7.10301e-51,1.35976e-51,2.68016e-52,4.98e-53,9.59468e-54,1.72865e-54,3.25451e-55,5.67925e-56,1.0445e-56,1.76324e-57,3.16676e-58,5.16457e-59,9.05437e-60,1.42447e-60,2.43674e-61,3.69206e-62,6.15956e-63,8.97197e-64,1.45902e-64,2.03892e-65,3.22997e-66,4.32079e-67,6.66326e-68,8.51095e-69,1.27668e-69,1.55259e-70,2.26329e-71,2.61214e-72,3.69647e-73,4.03384e-74,5.53426e-75,5.68609e-76,7.5515e-77,7.26881e-78,9.32689e-79,8.36224e-80,1.03423e-80,8.57764e-82,1.01944e-82,7.75666e-84,8.82317e-85,6.09662e-86,6.60107e-87,4.08991e-88,4.18238e-89,2.286e-90,2.18204e-91,1.0296e-92,9.00013e-94,3.55749e-95,2.75167e-96,8.71481e-98,5.54363e-99,1.30843e-100,5.52017e-102,8.44914e-104,3.15681e-109,0,0
3.02621e-47,6.27168e-48,1.31662e-48,2.65531e-49,5.45314e-50,1.06939e-50,2.14796e-51,4.09239e-52,8.03756e-53,1.4864e-53,2.85381e-54,5.11747e-55,9.602e-56,1.66774e-56,3.05713e-57,5.13672e-58,9.196e-59,1.49278e-59,2.60896e-60,4.08548e-61,6.96768e-62,1.05084e-62,1.74801e-63,2.5344e-64,4.10971e-65,5.71677e-66,9.03131e-67,1.2026e-67,1.84962e-68,2.3517e-69,3.51851e-70,4.25941e-71,6.19357e-72,7.1157e-73,1.0045e-73,1.09121e-74,1.49357e-75,1.52761e-76,2.02413e-77,1.93959e-78,2.48323e-79,2.21645e-80,2.73533e-81,2.25857e-82,2.67857e-83,2.02913e-84,2.30329e-85,1.58467e-86,1.71221e-87,1.05639e-88,1.07799e-89,5.86813e-91,5.58908e-92,2.62703e-93,2.2911e-94,9.02397e-96,6.96211e-97,2.1983e-98,1.39419e-99,3.28375e-101,1.38004e-102,2.11229e-104,7.89204e-110
2.07133e-46,4.38683e-47,9.37526e-48,1.93366e-48,4.04385e-49,8.11662e-50,1.66069e-50,3.24124e-51,6.48672e-52,1.23005e-52,2.40732e-53,4.431e-54,8.47802e-55,1.51318e-55,2.8297e-56,4.89194e-57,8.9382e-58,1.49487e-58,2.66772e-59,4.31047e-60,7.51032e-61,1.17066e-61,1.99056e-62,2.98829e-63,4.95643e-64,7.15331e-65,1.1567e-65,1.60166e-66,2.52338e-67,3.34478e-68,5.13073e-69,6.49381e-70,9.69086e-71,1.16783e-71,1.69391e-72,1.9373e-73,2.72825e-74,2.95038e-75,4.02883e-76,4.10216e-77,5.42315e-78,5.17344e-79,6.60886e-80,5.87267e-81,7.23188e-82,5.94509e-83,7.03574e-84,5.30671e-85,6.01114e-86,4.118e-87,4.44017e-88,2.72804e-89,2.77798e-90,1.50611e-91,1.43138e-92,6.70212e-94,5.83166e-95,2.28884e-96,1.76139e-97,5.54492e-99,3.50617e-100,8.24106e-102,3.50291e-103
1.37397e-45,2.97162e-46,6.46307e-47,1.36223e-47,2.90001e-48,5.9528e-49,1.24021e-49,2.47749e-50,5.05037e-51,9.81062e-52,1.95636e-52,3.69238e-53,7.20105e-54,1.31927e-54,2.51562e-55,4.46911e-56,8.32969e-57,1.43337e-57,2.6105e-58,4.34582e-59,7.73114e-60,1.24345e-60,2.15992e-61,3.35133e-62,5.68165e-63,8.49057e-64,1.40421e-64,2.01739e-65,3.25304e-66,4.48397e-67,7.04531e-68,9.29635e-69,1.42228e-69,1.79199e-70,2.66744e-71,3.19999e-72,4.63008e-73,5.27156e-74,7.40607e-75,7.97317e-76,1.08624e-76,1.10107e-77,1.45237e-78,1.37934e-79,1.75819e-80,1.55545e-81,1.91135e-82,1.56439e-83,1.8475e-84,1.38746e-85,1.56838e-86,1.06987e-87,1.15119e-88,7.04354e-90,7.15751e-91,3.86495e-92,3.66527e-93,1.70966e-94,1.48421e-95,5.80497e-97,4.45593e-98,1.39849e-99,9.00595e-101
8.84091e-45,1.95142e-45,4.31788e-46,9.29392e-47,2.01343e-47,4.22353e-48,8.95691e-49,1.82986e-49,3.7981e-50,7.55155e-51,1.53377e-51,2.9655e-52,5.89256e-53,1.10697e-53,2.15139e-54,3.92321e-55,7.45566e-56,1.31842e-56,2.44925e-57,4.19529e-58,7.61621e-59,1.26211e-59,2.23829e-60,3.58358e-61,6.206e-62,9.58543e-63,1.62029e-63,2.41035e-64,3.97501e-65,5.68494e-66,9.14163e-67,1.25439e-67,1.96564e-68,2.58201e-69,3.94002e-70,4.94193e-71,7.33767e-72,8.7632e-73,1.26485e-73,1.43366e-74,2.00939e-75,2.15362e-76,2.92728e-77,2.95409e-78,3.88789e-79,3.67611e-80,4.6756e-81,4.11832e-82,5.04989e-83,4.11525e-84,4.84986e-85,3.62658e-86,4.09103e-87,2.77892e-88,2.984e-89,1.81823e-90,1.84381e-91,9.91668e-93,9.38416e-94,4.36069e-95,3.77703e-96,1.47193e-97,1.15774e-98
5.52334e-44,1.24346e-44,2.79831e-45,6.14697e-46,1.35472e-46,2.90205e-47,6.26259e-48,1.30747e-48,2.76227e-49,5.6167e-50,1.1615e-50,2.29856e-51,4.65168e-52,8.95209e-53,1.77256e-53,3.31452e-54,6.41965e-55,1.16528e-55,2.2071e-56,3.88504e-57,7.19385e-58,1.2266e-58,2.21975e-59,3.66168e-60,6.47386e-61,1.03179e-61,1.7815e-62,2.73916e-63,4.61674e-64,6.83692e-65,1.12432e-65,1.60074e-66,2.56702e-67,3.5066e-68,5.48027e-69,7.1665e-70,1.09076e-70,1.36202e-71,2.01724e-72,2.39841e-73,3.45341e-74,3.89692e-75,5.44902e-76,5.8143e-77,7.88497e-78,7.92213e-79,1.04032e-79,9.79342e-81,1.24292e-81,1.09001e-82,1.33375e-83,1.08221e-84,1.27275e-85,9.47669e-87,1.06685e-87,7.21642e-89,7.73313e-90,4.69273e-91,4.7489e-92,2.54404e-93,2.40228e-94,1.11186e-95,9.9226e-97
3.3532e-43,7.69529e-44,1.76079e-44,3.94502e-45,8.84218e-46,1.93308e-46,4.24353e-47,9.0474e-48,1.94491e-48,4.04142e-49,8.50618e-50,1.72154e-50,3.54701e-51,6.98679e-52,1.4089e-52,2.69888e-53,5.3253e-54,9.91208e-55,1.91328e-55,3.45707e-56,6.52622e-57,1.14354e-57,2.11066e-58,3.5825e-59,6.46284e-60,1.06129e-60,1.87064e-61,2.96795e-62,5.10931e-63,7.82059e-64,1.31433e-64,1.93767e-65,3.17758e-66,4.50382e-67,7.20291e-68,9.79545e-69,1.52685e-69,1.98776e-70,3.01769e-71,3.75144e-72,5.54239e-73,6.56049e-74,9.42358e-75,1.05869e-75,1.4769e-76,1.56898e-77,2.12293e-78,2.12359e-79,2.78252e-80,2.60801e-81,3.30284e-82,2.88397e-83,3.52147e-84,2.84508e-85,3.33912e-86,2.47572e-87,2.78139e-88,1.87357e-89,2.00364e-90,1.21094e-91,1.22291e-92,6.52331e-94,6.37892e-95
1.97978e-42,4.62903e-43,1.07665e-43,2.45894e-44,5.60344e-45,1.24946e-45,2.78931e-46,6.06918e-47,1.32712e-47,2.8162e-48,6.03092e-49,1.24735e-49,2.6156e-50,5.2691e-51,1.08169e-51,2.12086e-52,4.26162e-53,8.12613e-54,1.59788e-54,2.96059e-55,5.69548e-56,1.02443e-56,1.92757e-57,3.36227e-58,6.18601e-59,1.04524e-59,1.87977e-60,3.07298e-61,5.40011e-62,8.52943e-63,1.46403e-63,2.23092e-64,3.7386e-65,5.48714e-66,8.97339e-67,1.26622e-67,2.0196e-68,2.73435e-69,4.25099e-70,5.50978e-71,8.34342e-72,1.03264e-72,1.52187e-73,1.7935e-74,2.57008e-75,2.87468e-76,4.00099e-77,4.23184e-78,5.71309e-79,5.68999e-80,7.43928e-81,6.94251e-82,8.77342e-83,7.62783e-84,9.29458e-85,7.4773e-86,8.75778e-87,6.46594e-88,7.24958e-89,4.86318e-90,5.19029e-91,3.12278e-92,3.28111e-93
1.13763e-41,2.70876e-42,6.40235e-43,1.48977e-43,3.45068e-44,7.84339e-45,1.78014e-45,3.95059e-46,8.78455e-47,1.90243e-47,4.14392e-48,8.75254e-49,1.8673e-49,3.84417e-50,8.03131e-51,1.61045e-51,3.29422e-52,6.42936e-53,1.28738e-53,2.44361e-54,4.78858e-55,8.83217e-56,1.69345e-56,3.0322e-57,5.6869e-58,9.8751e-59,1.81111e-59,3.0465e-60,5.46201e-61,8.88923e-62,1.55742e-62,2.44899e-63,4.19133e-64,6.35849e-65,1.06255e-65,1.55261e-66,2.53208e-67,3.55719e-68,5.65856e-69,7.6274e-70,1.18274e-70,1.52623e-71,2.30535e-72,2.84075e-73,4.17642e-74,4.90033e-75,7.00554e-76,7.80166e-77,1.08335e-77,1.14087e-78,1.53678e-79,1.52394e-80,1.98813e-81,1.84739e-82,2.32965e-83,2.0168e-84,2.45241e-85,1.96456e-86,2.29631e-87,1.6883e-88,1.88911e-89,1.26134e-90,1.40666e-91
6.36682e-41,1.54308e-41,3.70539e-42,8.78027e-43,2.06661e-43,4.78587e-44,1.10399e-44,2.4975e-45,5.64568e-46,1.24704e-46,2.76209e-47,5.95383e-48,1.29193e-48,2.7161e-49,5.77302e-50,1.18301e-50,2.46256e-51,4.91537e-52,1.00188e-52,1.94648e-53,3.88401e-54,7.33899e-55,1.43331e-55,2.63172e-56,5.02932e-57,8.96486e-58,1.67596e-58,2.89724e-59,5.29697e-60,8.87047e-61,1.58552e-61,2.56894e-62,4.48753e-63,7.02526e-64,1.19887e-64,1.81074e-65,3.01741e-66,4.38966e-67,7.13944e-68,9.98581e-69,1.58428e-69,2.12617e-70,3.28847e-71,4.22497e-72,6.3659e-73,7.81012e-74,1.14546e-74,1.33816e-75,1.90856e-76,2.11624e-77,2.93194e-78,3.0743e-79,4.13197e-80,4.07984e-81,5.3111e-82,4.914e-83,6.18381e-84,5.33065e-85,6.4687e-86,5.1601e-87,6.01931e-88,4.40417e-89,5.17015e-90
3.47273e-40,8.56342e-41,2.08866e-41,5.03772e-42,1.20459e-42,2.84076e-43,6.65861e-44,1.5347e-44,3.5259e-45,7.93895e-46,1.78752e-46,3.92993e-47,8.67081e-48,1.86039e-48,4.02162e-49,8.41599e-50,1.7822e-50,3.6354e-51,7.5402e-52,1.49821e-52,3.043e-53,5.88532e-54,1.17032e-54,2.20143e-55,4.28499e-56,7.83252e-57,1.49194e-57,2.64755e-58,4.93379e-59,8.49121e-60,1.54762e-60,2.58022e-61,4.59802e-62,7.41707e-63,1.29184e-63,2.0135e-64,3.42626e-65,5.15222e-66,8.56182e-67,1.24011e-67,2.0115e-68,2.80117e-69,4.43252e-70,5.92271e-71,9.13716e-72,1.16883e-72,1.75676e-73,2.14598e-74,3.13983e-75,3.6522e-76,5.19685e-77,5.73752e-78,7.93109e-79,8.28047e-80,1.11048e-80,1.09179e-81,1.41824e-82,1.30662e-83,1.64084e-84,1.40848e-85,1.7057e-86,1.35388e-87,1.66313e-88
1.84725e-39,4.63272e-40,1.14744e-40,2.81581e-41,6.83852e-42,1.64152e-42,3.90869e-43,9.17405e-44,2.14155e-44,4.91272e-45,1.12415e-45,2.51934e-46,5.65029e-47,1.23648e-47,2.71767e-48,5.80415e-49,1.24999e-49,2.6039e-50,5.49396e-51,1.11559e-51,2.30558e-52,4.56044e-53,9.23036e-54,1.77718e-54,3.52199e-55,6.59541e-56,1.27951e-56,2.32841e-57,4.42081e-58,7.81031e-59,1.45088e-59,2.486e-60,4.51711e-61,7.4979e-62,1.33215e-62,2.13947e-63,3.71551e-64,5.76578e-65,9.78356e-66,1.46479e-66,2.42745e-67,3.50066e-68,5.66302e-69,7.85201e-70,1.23926e-70,1.64873e-71,2.53713e-72,3.2315e-73,4.8451e-74,5.89306e-75,8.60176e-76,9.96245e-77,1.41432e-77,1.55478e-78,2.14439e-79,2.2293e-80,2.98317e-81,2.92048e-82,3.78569e-83,3.47301e-84,4.35235e-85,3.71696e-86,4.75674e-87
9.58846e-39,2.44472e-39,6.14752e-40,1.53428e-40,3.78369e-41,9.24067e-42,2.2347e-42,5.33873e-43,1.26596e-43,2.95733e-44,6.87547e-45,1.56987e-45,3.578e-46,7.98155e-47,1.78313e-47,3.88418e-48,8.50468e-49,1.80806e-49,3.87944e-50,8.04471e-51,1.6912e-51,3.41863e-52,7.04029e-53,1.38632e-53,2.79624e-54,5.35977e-55,1.05861e-55,1.97359e-56,3.81619e-57,6.91388e-58,1.30849e-58,2.30155e-59,4.26213e-60,7.27086e-61,1.31711e-61,2.1767e-62,3.85588e-63,6.16569e-64,1.06768e-64,1.64964e-65,2.79131e-66,4.16102e-67,6.87684e-68,9.87434e-69,1.59314e-69,2.19943e-70,3.46236e-71,4.58656e-72,7.04035e-73,8.92868e-74,1.33546e-74,1.61735e-75,2.35519e-76,2.71611e-77,3.84711e-78,4.21116e-79,5.79521e-80,5.99912e-81,8.01047e-82,7.809e-83,1.01012e-83,9.21845e-85,1.22478e-85
4.85947e-38,1.25917e-38,3.21396e-39,8.15473e-40,2.04163e-40,5.07099e-41,1.24521e-41,3.02663e-42,7.28872e-43,1.73308e-43,4.09274e-44,9.51616e-45,2.20352e-45,5.00798e-46,1.13692e-46,2.52449e-47,5.61823e-48,1.21823e-48,2.65738e-49,5.62384e-50,1.20225e-50,2.48183e-51,5.19874e-52,1.04617e-52,2.14693e-53,4.20875e-54,8.46009e-55,1.61442e-55,3.17801e-56,5.89871e-57,1.13688e-57,2.05066e-58,3.86866e-59,6.77497e-60,1.25074e-60,2.12437e-61,3.83667e-62,6.31308e-63,1.11504e-63,1.77526e-64,3.06533e-65,4.71571e-66,7.95715e-67,1.18107e-67,1.94665e-68,2.78316e-69,4.4786e-70,6.15648e-71,9.66685e-72,1.27508e-72,1.95239e-73,2.46549e-74,3.67874e-75,4.4363e-76,6.44506e-77,7.40115e-78,1.04592e-78,1.14005e-79,1.56543e-80,1.61367e-81,2.15009e-82,2.0848e-83,2.86776e-84
2.40594e-37,6.33353e-38,1.64059e-38,4.23038e-39,1.07501e-39,2.71449e-40,6.76664e-41,1.67269e-41,4.08996e-42,9.89425e-43,2.37284e-43,5.61565e-44,1.32078e-44,3.05673e-45,7.04992e-46,1.59487e-46,3.60663e-47,7.97183e-48,1.76738e-48,3.8149e-49,8.29068e-50,1.74666e-50,3.72039e-51,7.64573e-52,1.59588e-52,3.19718e-53,6.53843e-54,1.27609e-54,2.55641e-55,4.85686e-56,9.52918e-57,1.76096e-57,3.383e-58,6.0755e-59,1.14256e-59,1.99221e-60,3.66658e-61,6.20066e-62,1.11651e-62,1.82924e-63,3.22147e-64,5.10685e-65,8.793e-66,1.34691e-66,2.26647e-67,3.34969e-68,5.50622e-69,7.83869e-70,1.2581e-70,1.72207e-71,2.69714e-72,3.54246e-73,5.41086e-74,6.80386e-75,1.01278e-75,1.21617e-76,1.76275e-77,2.0157e-78,2.84215e-79,3.08489e-80,4.2267e-81,4.33313e-82,6.15709e-83
1.16429e-36,3.11279e-37,8.18121e-38,2.14318e-38,5.52675e-39,1.41824e-39,3.58823e-40,9.01734e-41,2.2382e-41,5.50659e-42,1.34079e-42,3.22839e-43,7.71055e-44,1.81633e-44,4.25475e-45,9.80162e-46,2.25171e-46,5.07067e-47,1.14226e-47,2.51332e-48,5.55112e-49,1.19282e-49,2.58273e-50,5.4169e-51,1.14964e-51,2.35211e-52,4.89225e-53,9.7578e-54,1.98867e-54,3.86417e-55,7.71516e-56,1.45937e-56,2.85391e-57,5.25094e-58,1.00554e-58,1.79801e-59,3.37082e-60,5.85206e-61,1.07378e-61,1.80808e-62,3.24605e-63,5.29534e-64,9.29871e-65,1.46778e-65,2.52013e-66,3.84385e-67,6.45048e-68,9.49276e-69,1.55628e-69,2.20612e-70,3.53165e-71,4.81359e-72,7.52022e-73,9.83541e-74,1.49863e-74,1.87649e-75,2.7866e-76,3.33214e-77,4.8186e-78,5.48693e-79,7.71941e-80,8.33188e-81,1.22064e-81
5.50973e-36,1.49561e-36,3.98766e-37,1.06092e-37,2.77578e-38,7.2364e-39,1.85785e-39,4.7447e-40,1.19524e-40,2.98945e-41,7.38868e-42,1.80929e-42,4.38712e-43,1.05143e-43,2.50098e-44,5.86426e-45,1.36823e-45,3.13757e-46,7.17981e-47,1.6095e-47,3.61188e-48,7.9114e-49,1.74086e-49,3.724e-50,8.03394e-51,1.67751e-51,3.54754e-52,7.226e-53,1.49773e-53,2.97415e-54,6.04079e-55,1.16865e-55,2.32556e-56,4.37981e-57,8.53727e-58,1.56398e-58,2.9855e-59,5.31536e-60,9.93419e-61,1.71726e-61,3.14146e-62,5.26709e-63,9.42829e-64,1.53149e-64,2.68165e-65,4.21489e-66,7.21673e-67,1.09607e-67,1.83436e-68,2.68809e-69,4.39535e-70,6.20437e-71,9.90679e-72,1.34459e-72,2.09542e-73,2.729e-74,4.14813e-75,5.17227e-76,7.66281e-77,9.12463e-78,1.31652e-78,1.49056e-79,2.24784e-80
2.55095e-35,7.02852e-36,1.90071e-36,5.13418e-37,1.36266e-37,3.60779e-38,9.39729e-39,2.4381e-39,6.23213e-40,1.58405e-40,3.97329e-41,9.89101e-42,2.43438e-42,5.9334e-43,1.4328e-43,3.41804e-44,8.09758e-45,1.89002e-45,4.39236e-46,1.00266e-46,2.28558e-47,5.10048e-48,1.14028e-48,2.48648e-49,5.45114e-50,1.16091e-50,2.49544e-51,5.18753e-52,1.09317e-52,2.2169e-53,4.5791e-54,9.05338e-55,1.83263e-55,3.53e-56,7.0014e-57,1.3129e-57,2.55092e-58,4.65302e-59,8.85435e-60,1.56966e-60,2.92466e-61,5.03409e-62,9.18161e-63,1.53287e-63,2.73592e-64,4.42527e-65,7.72671e-66,1.20931e-66,2.06487e-67,3.12287e-68,5.21237e-69,7.60611e-70,1.24044e-70,1.74363e-71,2.77706e-72,3.75336e-73,5.83481e-74,7.5673e-75,1.14749e-75,1.42482e-76,2.10602e-77,2.49318e-78,3.86484e-79
1.15603e-34,3.23212e-35,8.86373e-36,2.43018e-36,6.54167e-37,1.75844e-37,4.64604e-38,1.22418e-38,3.17455e-39,8.19712e-40,2.08623e-40,5.27768e-41,1.31819e-41,3.26616e-42,8.0053e-43,1.94214e-43,4.67079e-44,1.10914e-44,2.61716e-45,6.08084e-46,1.40766e-46,3.19883e-47,7.2639e-48,1.61375e-48,3.59427e-49,7.80278e-50,1.70436e-50,3.61369e-51,7.74002e-52,1.60194e-52,3.36396e-53,6.79223e-54,1.39816e-54,2.75233e-55,5.55279e-56,1.06496e-56,2.10535e-57,3.93097e-58,7.61342e-59,1.38279e-59,2.62317e-60,4.63043e-61,8.60146e-62,1.47424e-62,2.68091e-63,4.45685e-64,7.93181e-65,1.27753e-65,2.22437e-66,3.46673e-67,5.90318e-68,8.89041e-69,1.47995e-69,2.15056e-70,3.49817e-71,4.89668e-72,7.77926e-73,1.04703e-73,1.62369e-74,2.09705e-75,3.17242e-76,3.91575e-77,6.23195e-78
5.12998e-34,1.45506e-34,4.04591e-35,1.12561e-35,3.07253e-36,8.38295e-37,2.24629e-37,6.00906e-38,1.58059e-38,4.1448e-39,1.07013e-39,2.75019e-40,6.96943e-41,1.75487e-41,4.36467e-42,1.07645e-42,2.62751e-43,6.34526e-44,1.51987e-44,3.59272e-45,8.444e-46,1.95306e-46,4.50369e-47,1.01886e-47,2.30486e-48,5.09775e-49,1.1312e-49,2.44488e-50,5.32099e-51,1.12324e-51,2.3973e-52,4.94003e-53,1.03378e-53,2.07827e-54,4.26358e-55,8.35679e-56,1.68039e-56,3.20897e-57,6.32339e-58,1.17562e-58,2.26973e-59,4.10489e-60,7.76303e-61,1.36453e-61,2.52712e-62,4.31308e-63,7.82033e-64,1.29462e-64,2.29743e-65,3.68484e-66,6.39797e-67,9.92971e-68,1.68626e-68,2.52897e-69,4.19876e-70,6.07599e-71,9.85802e-72,1.37418e-72,2.17769e-73,2.91887e-74,4.51558e-75,5.79667e-76,9.46119e-77
2.2301e-33,6.41552e-34,1.80842e-34,5.10402e-35,1.41256e-35,3.91065e-36,1.06257e-36,2.88504e-37,7.6959e-38,2.04889e-38,5.36547e-39,1.40034e-39,3.59984e-40,9.20806e-41,2.32357e-41,5.8235e-42,1.44239e-42,3.54099e-43,8.60798e-44,2.0693e-44,4.93676e-45,1.1617e-45,2.71968e-46,6.26231e-47,1.43854e-47,3.23989e-48,7.30183e-49,1.60784e-49,3.55475e-50,7.64921e-51,1.65879e-51,3.48639e-52,7.41476e-53,1.52131e-53,3.17265e-54,6.35072e-55,1.29848e-55,2.53417e-56,5.07903e-57,9.65783e-58,1.89702e-58,3.51189e-59,6.75909e-60,1.21724e-60,2.29497e-61,4.01696e-62,7.41728e-63,1.26061e-63,2.27905e-64,3.75708e-65,6.64847e-66,1.0619e-66,1.83868e-67,2.84179e-68,4.81294e-69,7.1883e-70,1.19033e-70,1.71538e-71,2.77605e-72,3.85376e-73,6.0922e-74,8.11522e-75,1.35708e-75
9.50085e-33,2.77149e-33,7.9186e-34,2.2667e-34,6.3592e-35,1.78599e-35,4.91985e-36,1.35545e-36,3.66616e-37,9.90646e-38,2.63078e-38,6.97073e-39,1.81746e-39,4.72112e-40,1.20846e-40,3.07675e-41,7.73128e-42,1.92874e-42,4.75752e-43,1.16262e-43,2.81487e-44,6.73614e-45,1.6007e-45,3.7498e-46,8.74477e-47,2.0046e-47,4.58738e-48,1.02861e-48,2.30961e-49,5.06337e-50,1.11539e-50,2.38966e-51,5.16374e-52,1.0806e-52,2.2902e-53,4.67866e-54,9.724e-55,1.93813e-55,3.94956e-56,7.67532e-57,1.5333e-57,2.90324e-58,5.68451e-59,1.04792e-59,2.0106e-60,3.60566e-61,6.77751e-62,1.18132e-62,2.17487e-63,3.68089e-64,6.63552e-65,1.08934e-65,1.92226e-66,3.05752e-67,5.27963e-68,8.12624e-69,1.37262e-69,2.04161e-70,3.37197e-71,4.83937e-72,7.81219e-73,1.07767e-73,1.84478e-74
3.96822e-32,1.17353e-32,3.39806e-33,9.86302e-34,2.80457e-34,7.98855e-35,2.23069e-35,6.2344e-36,1.7095e-36,4.68713e-37,1.26205e-37,3.39399e-38,8.97337e-39,2.36646e-39,6.1433e-40,1.58838e-40,4.04849e-41,1.02599e-41,2.5674e-42,6.3757e-43,1.56624e-43,3.81018e-44,9.18812e-45,2.18889e-45,5.18109e-46,1.20831e-46,2.80705e-47,6.4063e-48,1.46053e-48,3.26052e-49,7.29412e-50,1.59213e-50,3.4946e-51,7.45462e-52,1.60517e-52,3.34463e-53,7.06412e-54,1.43696e-54,2.97648e-55,5.9073e-56,1.19984e-56,2.32182e-57,4.62337e-58,8.71726e-59,1.70146e-59,3.12343e-60,5.97439e-61,1.06693e-61,1.99948e-62,3.47059e-63,6.37082e-64,1.07377e-64,1.93015e-65,3.15558e-66,5.5529e-67,8.79595e-68,1.51474e-68,2.32186e-69,3.91154e-70,5.79408e-71,9.54545e-72,1.36113e-72,2.38326e-73
1.62547e-31,4.87231e-32,1.42959e-32,4.20658e-33,1.21219e-33,3.50102e-34,9.90822e-35,2.80847e-35,7.80591e-36,2.17109e-36,5.92618e-37,1.61709e-37,4.33473e-38,1.16023e-38,3.05411e-39,8.0167e-40,2.0722e-40,5.33301e-41,1.35357e-41,3.4146e-42,8.50936e-43,2.10356e-43,5.14671e-44,1.2464e-44,2.99376e-45,7.10026e-46,1.67411e-46,3.88702e-47,8.9957e-48,2.044e-48,4.64264e-49,1.03192e-49,2.3001e-50,4.99882e-51,1.09329e-51,2.32216e-52,4.98274e-53,1.0338e-53,2.17601e-54,4.40755e-55,9.09918e-56,1.79825e-56,3.64051e-57,7.01515e-58,1.39245e-58,2.61444e-59,5.08704e-60,9.2995e-61,1.77336e-61,3.15378e-62,5.89279e-63,1.01861e-63,1.86439e-64,3.12938e-65,5.60931e-66,9.13288e-67,1.60269e-67,2.5283e-68,4.34225e-69,6.62876e-70,1.11385e-70,1.63911e-71,2.93342e-72
6.53223e-31,1.98422e-31,5.89855e-32,1.75919e-32,5.13656e-33,1.50393e-33,4.31314e-34,1.23961e-34,3.49181e-35,9.84952e-36,2.72504e-36,7.54297e-37,2.04966e-37,5.56647e-38,1.48555e-38,3.95757e-39,1.03726e-39,2.71006e-40,6.9754e-41,1.78694e-41,4.51658e-42,1.1342e-42,2.81495e-43,6.92737e-44,1.68812e-44,4.06993e-45,9.73735e-46,2.29917e-46,5.40018e-47,1.24833e-47,2.87813e-48,6.51116e-49,1.47346e-49,3.26087e-50,7.24212e-51,1.56717e-51,3.41543e-52,7.22341e-53,1.5446e-53,3.19105e-54,6.69401e-55,1.35016e-55,2.77812e-56,5.46725e-57,1.10325e-57,2.11704e-58,4.18887e-59,7.83222e-60,1.51924e-60,2.76578e-61,5.25828e-62,9.31282e-63,1.73496e-63,2.98666e-64,5.45086e-65,9.11174e-66,1.62867e-66,2.6409e-67,4.62172e-68,7.26122e-69,1.24383e-69,1.88611e-70,3.44776e-71
2.57625e-30,7.92881e-31,2.38772e-31,7.21627e-32,2.13469e-32,6.33475e-33,1.84076e-33,5.36303e-34,1.53081e-34,4.3782e-35,1.22757e-35,3.44603e-36,9.49074e-37,2.61458e-37,7.07298e-38,1.91186e-38,5.07997e-39,1.34704e-39,3.51539e-40,9.14247e-41,2.34328e-41,5.97562e-42,1.50414e-42,3.76014e-43,9.29451e-44,2.27708e-44,5.52698e-45,1.32661e-45,3.1616e-46,7.43229e-47,1.73902e-47,4.00246e-48,9.19361e-49,2.07085e-49,4.66918e-50,1.02888e-50,2.27688e-51,4.90603e-52,1.06546e-52,2.24381e-53,4.78154e-54,9.83671e-55,2.05657e-55,4.13063e-56,8.4714e-57,1.66018e-57,3.33939e-58,6.38136e-59,1.25868e-59,2.34371e-60,4.53226e-61,8.21699e-62,1.55753e-62,2.74719e-63,5.103e-64,8.74868e-65,1.59214e-65,2.6506e-66,4.72461e-67,7.62987e-68,1.33173e-68,2.07804e-69,3.87756e-70
9.97457e-30,3.10978e-30,9.48571e-31,2.90456e-31,8.7037e-32,2.6173e-32,7.70481e-33,2.27513e-33,6.57962e-34,1.90761e-34,5.4196e-35,1.54256e-35,4.30525e-36,1.20281e-36,3.29778e-37,9.04217e-38,2.4353e-38,6.55206e-39,1.73341e-39,4.57521e-40,1.18893e-40,3.07794e-41,7.85615e-42,1.99435e-42,4.99953e-43,1.24421e-43,3.06321e-44,7.47127e-45,1.80633e-45,4.31653e-46,1.02477e-46,2.39851e-47,5.59092e-48,1.28121e-48,2.93205e-49,6.57599e-50,1.47734e-50,3.24147e-51,7.14788e-52,1.53363e-52,3.31909e-53,6.96034e-54,1.47821e-54,3.02825e-55,6.31017e-56,1.26211e-56,2.58002e-57,5.0352e-58,1.00959e-58,1.92129e-59,3.77786e-60,7.00557e-61,1.35062e-61,2.43865e-62,4.60875e-63,8.09578e-64,1.49947e-64,2.56026e-65,4.64616e-66,7.70357e-67,1.36944e-67,2.1962e-68,4.18082e-69
3.7924e-29,1.19754e-29,3.69949e-30,1.14751e-30,3.48278e-31,1.06108e-31,3.16402e-32,9.46731e-33,2.77361e-33,8.14997e-34,2.34585e-34,6.76833e-35,1.91403e-35,5.42177e-36,1.50634e-36,4.18855e-37,1.14327e-37,3.12008e-38,8.36655e-39,2.24057e-39,5.90223e-40,1.55072e-40,4.01284e-41,1.03415e-41,2.62868e-42,6.64315e-43,1.65861e-43,4.10935e-44,1.0077e-44,2.44697e-45,5.89306e-46,1.40209e-46,3.31596e-47,7.72743e-48,1.79454e-48,4.09463e-49,9.33631e-50,2.08499e-50,4.66727e-51,1.01971e-51,2.24071e-52,4.78732e-53,1.03251e-53,2.15617e-54,4.56378e-55,9.31036e-56,1.93367e-56,3.85154e-57,7.848e-58,1.52531e-58,3.04871e-59,5.778e-60,1.13264e-60,2.09174e-61,4.02058e-62,7.22989e-63,1.36235e-63,2.3834e-64,4.40176e-65,7.48537e-66,1.35468e-66,2.23025e-67,4.3291e-68
1.41636e-28,4.52922e-29,1.41687e-29,4.4512e-30,1.36816e-30,4.22233e-31,1.27518e-31,3.86565e-32,1.14712e-32,3.41548e-33,9.9587e-34,2.91204e-34,8.3428e-35,2.39554e-35,6.74337e-36,1.9011e-36,5.25814e-37,1.45523e-37,3.95458e-38,1.07423e-38,2.86811e-39,7.64556e-40,2.00549e-40,5.2452e-41,1.35166e-41,3.46769e-42,8.77849e-43,2.2086e-43,5.49217e-44,1.35472e-44,3.30902e-45,8.00002e-46,1.91924e-46,4.54645e-47,1.07118e-47,2.4855e-48,5.75073e-49,1.30654e-49,2.96829e-50,6.60066e-51,1.47232e-51,3.20317e-52,7.01414e-53,1.4923e-53,3.20759e-54,6.6704e-55,1.40716e-55,2.85878e-56,5.91805e-57,1.17391e-57,2.38436e-58,4.61514e-59,9.19571e-60,1.73568e-60,3.39199e-61,6.23884e-62,1.1956e-62,2.14125e-63,4.02306e-64,7.00985e-65,1.29103e-65,2.17963e-66,4.31183e-67
5.19751e-28,1.68287e-28,5.33047e-29,1.69579e-29,5.27803e-30,1.6497e-30,5.04545e-31,1.54929e-31,4.65616e-32,1.40451e-32,4.14787e-33,1.22898e-33,3.56655e-34,1.03788e-34,2.95972e-35,8.45802e-36,2.37012e-36,6.65045e-37,1.83123e-37,5.04448e-38,1.36485e-38,3.69045e-39,9.81103e-40,2.60342e-40,6.80031e-41,1.77054e-41,4.5438e-42,1.16051e-42,2.92595e-43,7.32888e-44,1.81526e-44,4.45797e-45,1.08466e-45,2.61091e-46,6.23979e-47,1.47176e-47,3.45463e-48,7.98157e-49,1.83993e-49,4.16249e-50,9.42267e-51,2.0865e-51,4.63768e-52,1.00474e-52,2.19255e-53,4.64536e-54,9.95113e-55,2.06084e-55,4.33308e-56,8.76683e-57,1.80898e-57,3.57361e-58,7.23547e-59,1.39478e-59,2.77051e-60,5.20808e-61,1.01472e-61,1.85882e-62,3.55168e-63,6.3352e-64,1.18695e-64,2.05298e-65,4.13709e-66
1.87454e-27,6.1446e-28,1.97045e-28,6.34698e-29,2.00012e-29,6.33053e-30,1.96045e-30,6.09675e-31,1.85545e-31,5.66918e-32,1.69555e-32,5.0895e-33,1.49592e-33,4.41086e-34,1.27409e-34,3.68991e-35,1.04744e-35,2.97916e-36,8.31082e-37,2.32109e-37,6.36307e-38,1.74474e-38,4.70024e-39,1.2651e-39,3.349e-40,8.84662e-41,2.30118e-41,5.96458e-42,1.52446e-42,3.87627e-43,9.73399e-44,2.42744e-44,5.98882e-45,1.46434e-45,3.54913e-46,8.50632e-47,2.02523e-47,4.75638e-48,1.11232e-48,2.55898e-49,5.8776e-50,1.32408e-50,2.98666e-51,6.58574e-52,1.45871e-52,3.14711e-53,6.84417e-54,1.44407e-54,3.08309e-55,6.35866e-56,1.33258e-56,2.68509e-57,5.52273e-58,1.08657e-58,2.19306e-59,4.21042e-60,8.33768e-61,1.56101e-61,3.03229e-62,5.53235e-63,1.05409e-63,1.86614e-64,3.82906e-65
6.64639e-27,2.2053e-27,7.15899e-28,2.33444e-28,7.44752e-29,2.3866e-29,7.48281e-30,2.35639e-30,7.26106e-31,2.24684e-31,6.80455e-32,2.06885e-32,6.15795e-33,1.83944e-33,5.38115e-34,1.57907e-34,4.54015e-35,1.30865e-35,3.69802e-36,1.04687e-36,2.90743e-37,8.08241e-38,2.20607e-38,6.02128e-39,1.61516e-39,4.3276e-40,1.1408e-40,2.99998e-41,7.77137e-42,2.00537e-42,5.10469e-43,1.29226e-43,3.23223e-44,8.0253e-45,1.97224e-45,4.80152e-46,1.1593e-46,2.76662e-47,6.56227e-48,1.53463e-48,3.57568e-49,8.19137e-50,1.87467e-50,4.20544e-51,9.45257e-52,2.07566e-52,4.58161e-53,9.84369e-54,2.13351e-54,4.48302e-55,9.5395e-56,1.95941e-56,4.093e-57,8.21361e-58,1.68402e-58,3.2998e-59,6.63941e-60,1.26955e-60,2.50638e-61,4.6737e-62,9.05274e-63,1.63907e-63,3.42299e-64
2.31727e-26,7.78186e-27,2.55702e-27,8.43988e-28,2.72557e-28,8.84186e-29,2.80641e-29,8.94757e-30,2.79133e-30,8.74603e-31,2.68179e-31,8.25741e-32,2.48869e-32,7.52968e-33,2.2306e-33,6.63093e-34,1.93081e-34,5.6389e-35,1.6139e-35,4.63003e-36,1.3025e-36,3.67012e-37,1.0148e-37,2.8081e-38,7.63152e-39,2.07349e-39,5.53841e-40,1.47727e-40,3.87802e-41,1.01527e-41,2.61929e-42,6.72913e-43,1.70605e-43,4.30003e-44,1.0713e-44,2.64841e-45,6.48343e-46,1.57165e-46,3.7803e-47,8.98307e-48,2.12283e-48,4.94338e-49,1.14762e-49,2.61799e-50,5.97014e-51,1.3337e-51,2.98728e-52,6.5325e-53,1.43698e-53,3.07469e-54,6.64167e-55,1.38987e-55,2.94781e-56,6.03016e-57,1.25558e-57,2.50944e-58,5.12886e-59,1.00094e-59,2.00775e-60,3.82371e-61,7.52701e-62,1.39269e-62,2.95903e-63
7.94638e-26,2.70053e-26,8.98093e-27,3.00011e-27,9.80631e-28,3.21996e-28,1.0345e-28,3.33883e-29,1.0544e-29,3.34476e-30,1.03828e-30,3.23706e-31,9.87747e-32,3.02644e-32,9.07779e-33,2.73325e-33,8.05905e-34,2.38428e-34,6.91064e-35,2.00872e-35,5.72313e-36,1.63422e-36,4.57694e-37,1.28372e-37,3.53406e-38,9.73467e-39,2.63426e-39,7.12502e-40,1.89514e-40,5.03235e-41,1.31562e-41,3.42906e-42,8.81085e-43,2.25365e-43,5.69106e-44,1.42818e-44,3.54428e-45,8.72428e-46,2.12759e-46,5.13547e-47,1.23061e-47,2.91191e-48,6.85596e-49,1.58982e-49,3.67751e-50,8.35429e-51,1.8984e-51,4.22337e-52,9.42692e-53,2.05297e-53,4.50068e-54,9.59066e-55,2.0648e-55,4.30333e-56,9.09731e-57,1.85346e-57,3.84691e-58,7.65762e-59,1.56019e-59,3.03265e-60,6.0653e-61,1.146e-61,2.47629e-62
2.68081e-25,9.21861e-26,3.10255e-26,1.0488e-26,3.46949e-27,1.15295e-27,3.74905e-28,1.2247e-28,3.91468e-29,1.25705e-29,3.94992e-30,1.24674e-30,3.85114e-31,1.19477e-31,3.62812e-32,1.10625e-32,3.3025e-33,9.89587e-34,2.90428e-34,8.55163e-35,2.46732e-35,7.13821e-36,2.02468e-36,5.75465e-37,1.60461e-37,4.47995e-38,1.22801e-38,3.36727e-39,9.07344e-40,2.44315e-40,6.47137e-41,1.71079e-41,4.45429e-42,1.15588e-42,2.9581e-43,7.53338e-44,1.89489e-44,4.73477e-45,1.17048e-45,2.86884e-46,6.96975e-47,1.6752e-47,3.99936e-48,9.42359e-49,2.21066e-49,5.10489e-50,1.17662e-50,2.66189e-51,6.0276e-52,1.33544e-52,2.97058e-53,6.4428e-54,1.40769e-54,2.9875e-55,6.41065e-56,1.33067e-56,2.80398e-57,5.68978e-58,1.17719e-58,2.33393e-59,4.7412e-60,9.14167e-61,2.00824e-61
8.89943e-25,3.09623e-25,1.05445e-25,3.60666e-26,1.20737e-26,4.06004e-27,1.33607e-27,4.41697e-28,1.4289e-28,4.64402e-29,1.47696e-29,4.71891e-30,1.47545e-30,4.63401e-31,1.42448e-31,4.3977e-32,1.32908e-32,4.03295e-33,1.19833e-33,3.57369e-34,1.044e-34,3.0596e-35,8.78774e-36,2.53058e-36,7.14591e-37,2.02173e-37,5.61281e-38,1.55994e-38,4.2577e-39,1.16224e-39,3.11864e-40,8.36006e-41,2.20527e-41,5.80427e-42,1.50511e-42,3.88874e-43,9.91243e-44,2.51349e-44,6.29762e-45,1.56685e-45,3.85861e-46,9.41726e-47,2.27931e-47,5.45531e-48,1.2976e-48,3.04474e-49,7.11681e-50,1.63661e-50,3.75885e-51,8.46869e-52,1.911e-52,4.21658e-53,9.34752e-54,2.01912e-54,4.39685e-55,9.29362e-56,1.98773e-56,4.1094e-57,8.63157e-58,1.74449e-58,3.59854e-59,7.07611e-60,1.57983e-60
2.90771e-24,1.0234e-24,3.52646e-25,1.22033e-25,4.13363e-26,1.40642e-26,4.68334e-27,1.5667e-27,5.12897e-28,1.68694e-28,5.42958e-29,1.75575e-29,5.55606e-30,1.76635e-30,5.49575e-31,1.71762e-31,5.25453e-32,1.61434e-32,4.85586e-33,1.46642e-33,4.33706e-34,1.28731e-34,3.74355e-35,1.092e-35,3.12239e-36,8.95004e-37,2.51624e-37,7.08655e-38,1.95892e-38,5.41979e-39,1.47302e-39,4.00305e-40,1.06967e-40,2.85479e-41,7.49982e-42,1.96533e-42,5.07591e-43,1.30578e-43,3.31535e-44,8.37066e-45,2.0892e-45,5.17584e-46,1.2698e-46,3.08599e-47,7.4414e-48,1.77358e-48,4.20327e-49,9.82175e-50,2.28753e-50,5.23883e-51,1.19899e-51,2.69028e-52,6.04985e-53,1.32946e-53,2.93727e-54,6.31905e-55,1.37149e-55,2.88728e-56,6.15534e-57,1.26745e-57,2.65421e-58,5.31961e-59,1.20664e-59
9.35236e-24,3.32963e-24,1.16079e-24,4.06348e-25,1.39263e-25,4.79361e-26,1.61512e-26,5.46657e-27,1.81086e-27,6.02664e-28,1.96287e-28,6.42324e-29,2.057e-29,6.61844e-30,2.08407e-30,6.59288e-31,2.04135e-31,6.34892e-32,1.93302e-32,5.91031e-33,1.76948e-33,5.31836e-34,1.56573e-34,4.62558e-35,1.33908e-35,3.88804e-36,1.1068e-36,3.15805e-37,8.84004e-38,2.47839e-38,6.82171e-39,1.87894e-39,5.08528e-40,1.37585e-40,3.66133e-41,9.72873e-42,2.54551e-42,6.64156e-43,1.70853e-43,4.3763e-44,1.10681e-44,2.78258e-45,6.91836e-46,1.70674e-46,4.17145e-47,1.00954e-47,2.42539e-48,5.75665e-49,1.35936e-49,3.1633e-50,7.34134e-51,1.67441e-51,3.81883e-52,8.53378e-53,1.91251e-53,4.18579e-54,9.21703e-55,1.97493e-55,4.27235e-56,8.95823e-57,1.904e-57,3.88729e-58,8.95567e-59
2.96182e-23,1.06652e-23,3.76144e-24,1.33188e-24,4.61793e-25,1.60794e-25,5.4812e-26,1.87678e-26,6.29028e-27,2.118e-27,6.97994e-28,2.31112e-28,7.48918e-29,2.43842e-29,7.77005e-30,2.48765e-30,7.79506e-31,2.4539e-31,7.56155e-32,2.34043e-32,7.09221e-33,2.15816e-33,6.43141e-34,1.92395e-34,5.63836e-35,1.65799e-35,4.77838e-36,1.38105e-36,3.91418e-37,1.11177e-37,3.09868e-38,8.64848e-39,2.3704e-39,6.49998e-40,1.75188e-40,4.71901e-41,1.25067e-41,3.30878e-42,8.62269e-43,2.24008e-43,5.7399e-44,1.46397e-44,3.68822e-45,9.2332e-46,2.28696e-46,5.61819e-47,1.36804e-47,3.29704e-48,7.89211e-49,1.86546e-49,4.38924e-50,1.01722e-50,2.35244e-51,5.3436e-52,1.21452e-52,2.70306e-53,6.03737e-54,1.31605e-54,2.88831e-55,6.16403e-56,1.32938e-56,2.76338e-57,6.46423e-58
9.23734e-23,3.364e-23,1.20014e-23,4.29798e-24,1.50749e-24,5.30916e-25,1.83088e-25,6.34131e-26,2.15021e-26,7.32408e-27,2.442e-27,8.18032e-28,2.68209e-28,8.83577e-29,2.84888e-29,9.2296e-30,2.92654e-30,9.3236e-31,2.90743e-31,9.10832e-32,2.79335e-32,8.60459e-33,2.59529e-33,7.86022e-34,2.33165e-34,6.94258e-35,2.02545e-35,5.92855e-36,1.70107e-36,4.89405e-37,1.38105e-37,3.90505e-38,1.08376e-38,3.01133e-39,8.21897e-40,2.24383e-40,6.02272e-41,1.61525e-41,4.26358e-42,1.1231e-42,2.9152e-43,7.54099e-44,1.92474e-44,4.88828e-45,1.2268e-45,3.05832e-46,7.54664e-47,1.8462e-47,4.47895e-48,1.07499e-48,2.56388e-49,6.03538e-50,1.41502e-50,3.266e-51,7.52672e-52,1.70279e-52,3.85694e-53,8.54965e-54,1.90319e-54,4.13207e-55,9.04062e-56,1.91244e-56,4.54116e-57
2.83769e-22,1.04504e-22,3.77108e-23,1.36578e-23,4.84555e-24,1.72593e-24,6.02067e-25,2.10912e-25,7.23452e-26,2.49259e-26,8.40757e-27,2.84905e-27,9.45043e-28,3.14968e-28,1.02747e-28,3.36793e-29,1.08052e-29,3.48332e-30,1.09912e-30,3.48461e-31,1.08143e-31,3.3716e-32,1.02915e-32,3.15514e-33,9.47249e-34,2.85546e-34,8.43198e-35,2.49906e-35,7.25834e-36,2.11483e-36,6.04148e-37,1.73032e-37,4.86178e-38,1.36857e-38,3.78211e-39,1.04626e-39,2.84374e-40,7.72966e-41,2.06628e-41,5.51764e-42,1.45059e-42,3.80473e-43,9.83695e-44,2.5338e-44,6.44223e-45,1.62925e-45,4.0734e-46,1.01123e-46,2.48599e-47,6.05653e-48,1.46396e-48,3.49922e-49,8.31581e-50,1.94957e-50,4.55476e-51,1.04703e-51,2.40461e-52,5.41815e-53,1.22309e-53,2.70036e-54,5.99248e-55,1.28942e-55,3.10714e-56
8.58793e-22,3.19801e-22,1.16718e-22,4.27462e-23,1.53391e-23,5.52516e-24,1.94949e-24,6.90669e-25,2.39634e-25,8.3505e-26,2.84919e-26,9.76576e-27,3.27693e-27,1.10478e-27,3.64594e-28,1.20902e-28,3.92428e-29,1.27995e-29,4.08627e-30,1.31087e-30,4.11632e-31,1.29874e-31,4.01143e-32,1.24471e-32,3.78165e-33,1.15393e-33,3.44852e-34,1.03473e-34,3.04174e-35,8.97374e-36,2.59486e-36,7.52626e-37,2.14072e-37,6.10367e-38,1.70768e-38,4.78575e-39,1.31703e-39,3.62735e-40,9.81868e-41,2.65726e-41,7.07465e-42,1.88104e-42,4.92564e-43,1.28644e-43,3.31308e-44,8.49783e-45,2.15231e-45,5.42049e-46,1.35012e-46,3.3378e-47,8.17533e-48,1.98354e-48,4.77717e-49,1.1372e-49,2.69291e-50,6.28772e-51,1.46387e-51,3.35154e-52,7.67082e-53,1.72149e-53,3.87396e-54,8.47528e-55,2.07202e-55
2.5609e-21,9.64212e-22,3.559e-22,1.31793e-22,4.783e-23,1.7421e-23,6.21684e-24,2.22726e-24,7.81601e-25,2.7544e-25,9.50581e-26,3.2952e-26,1.11845e-26,3.81386e-27,1.27319e-27,4.27067e-28,1.40229e-28,4.62692e-29,1.49439e-29,4.8502e-30,1.5409e-30,4.91923e-31,1.53734e-31,4.82724e-32,1.484e-32,4.58298e-33,1.38598e-33,4.20944e-34,1.2523e-34,3.74021e-35,1.0946e-35,3.2146e-36,9.25473e-37,2.67222e-37,7.56803e-38,2.14822e-38,5.98491e-39,1.66989e-39,4.57643e-40,1.25495e-40,3.38312e-41,9.11641e-42,2.41742e-42,6.40014e-43,1.66933e-43,4.34141e-44,1.11376e-44,2.84475e-45,7.1778e-46,1.80018e-46,4.46714e-47,1.09983e-47,2.68398e-48,6.4854e-49,1.55634e-49,3.68983e-50,8.7068e-51,2.02478e-51,4.69767e-52,1.07122e-52,2.44405e-53,5.43429e-54,1.34757e-54
7.52574e-21,2.86473e-21,1.06931e-21,4.00351e-22,1.46935e-22,5.41114e-23,1.95287e-23,7.07433e-24,2.51074e-24,8.94707e-25,3.12292e-25,1.09476e-25,3.75826e-26,1.29608e-26,4.37637e-27,1.48473e-27,4.93134e-28,1.64584e-28,5.3772e-29,1.76547e-29,5.67413e-30,1.83263e-30,5.79422e-31,1.84088e-31,5.72583e-32,1.78939e-32,5.47543e-33,1.68304e-33,5.06657e-34,1.53169e-34,4.53629e-35,1.34866e-35,3.92956e-36,1.14882e-36,3.29308e-37,9.46606e-38,2.66948e-38,7.54403e-39,2.09296e-39,5.81422e-40,1.58687e-40,4.33274e-41,1.16331e-41,3.12133e-42,8.24408e-43,2.17338e-43,5.64667e-44,1.46236e-44,3.73722e-45,9.50588e-46,2.38948e-46,5.96807e-47,1.4755e-47,3.61789e-48,8.79694e-49,2.11701e-49,5.06223e-50,1.19534e-50,2.81075e-51,6.51023e-52,1.50565e-52,3.40113e-53,8.5526e-54
2.17984e-20,8.38852e-21,3.16624e-21,1.19845e-21,4.44784e-22,1.65603e-22,6.04377e-23,2.21358e-23,7.94475e-24,2.86257e-24,1.01046e-24,3.58179e-25,1.24356e-25,4.33675e-26,1.48103e-26,5.08137e-27,1.70701e-27,5.76203e-28,1.90416e-28,6.3236e-29,2.05582e-29,6.71672e-30,2.14825e-30,6.9049e-31,2.17272e-31,6.87006e-32,2.12684e-32,6.61537e-33,2.01495e-33,6.16483e-34,1.84745e-34,5.55948e-35,1.63919e-35,4.85132e-36,1.40735e-36,4.09599e-37,1.16908e-37,3.34567e-38,9.39518e-39,2.64348e-39,7.30349e-40,2.02011e-40,5.49102e-41,1.49282e-41,3.99207e-42,1.06658e-42,2.80599e-43,7.36628e-44,1.90645e-44,4.91669e-45,1.25174e-45,3.17074e-46,7.94054e-47,1.97514e-47,4.86532e-48,1.18811e-48,2.87853e-49,6.89933e-50,1.64396e-50,3.86626e-51,9.06234e-52,2.07896e-52,5.30013e-53
6.22425e-20,2.42127e-20,9.24085e-21,3.53585e-21,1.32691e-21,4.99438e-22,1.8431e-22,6.82456e-23,2.47684e-23,9.02264e-24,3.22068e-24,1.15428e-24,4.0527e-25,1.42905e-25,4.93549e-26,1.71232e-26,5.81755e-27,1.98587e-27,6.63743e-28,2.22929e-28,7.33042e-29,2.42241e-29,7.8368e-30,2.548e-30,8.11028e-31,2.59433e-31,8.12488e-32,2.55693e-32,7.87906e-33,2.4393e-33,7.39591e-34,2.25239e-34,6.71964e-35,2.01293e-35,5.90892e-36,1.74093e-36,5.02852e-37,1.45702e-37,4.14093e-38,1.17985e-38,3.29936e-39,9.2429e-40,2.54317e-40,7.00402e-41,1.89614e-41,5.13299e-42,1.36722e-42,3.63745e-43,9.53222e-44,2.49194e-44,6.42464e-45,1.65004e-45,4.18506e-46,1.05575e-46,2.63416e-47,6.52557e-48,1.6016e-48,3.89532e-49,9.40384e-50,2.24487e-50,5.33193e-51,1.24179e-51,3.20893e-52
1.75226e-19,6.89006e-20,2.65874e-20,1.02834e-20,3.90187e-21,1.48458e-21,5.53947e-22,2.07348e-22,7.60905e-23,2.80214e-23,1.0114e-23,3.66462e-24,1.30106e-24,4.63841e-25,1.61994e-25,5.68263e-26,1.9524e-26,6.73915e-27,2.27791e-27,7.73682e-28,2.57293e-28,8.59887e-29,2.81358e-29,9.25239e-30,2.97878e-30,9.63842e-31,3.05331e-31,9.72067e-32,3.03007e-32,9.49109e-33,2.9112e-33,8.9712e-34,2.70778e-34,8.20875e-35,2.43808e-35,7.27054e-36,2.12495e-36,6.23278e-37,1.79256e-37,5.17107e-38,1.46346e-38,4.15155e-39,1.15615e-39,3.22488e-40,8.83712e-41,2.42339e-41,6.5344e-42,1.76143e-42,4.67329e-43,1.23811e-43,3.23204e-44,8.41424e-45,2.1611e-45,5.52752e-46,1.39674e-46,3.50913e-47,8.72345e-48,2.15231e-48,5.2635e-49,1.275e-49,3.06815e-50,7.25195e-51,1.8991e-51
4.8643e-19,1.93325e-19,7.54222e-20,2.94855e-20,1.13112e-20,4.35011e-21,1.6411e-21,6.20926e-22,2.30383e-22,8.57625e-23,3.12982e-23,1.1464e-23,4.11531e-24,1.48322e-24,5.23781e-25,1.85761e-25,6.45364e-26,2.25229e-26,7.69845e-27,2.64388e-27,8.89148e-28,3.00492e-28,9.94348e-29,3.30687e-29,1.07674e-29,3.52373e-30,1.12902e-30,3.63574e-31,1.14633e-31,3.63233e-32,1.12701e-32,3.51374e-33,1.07287e-33,3.291e-34,9.8888e-35,2.98426e-35,8.8246e-36,2.61978e-36,7.62372e-37,2.22625e-37,6.37557e-38,1.83113e-38,5.16064e-39,1.45764e-39,4.04265e-40,1.1228e-40,3.0644e-41,8.36783e-42,2.24735e-42,6.03259e-43,1.59428e-43,4.20623e-44,1.09382e-44,2.83589e-45,7.25624e-46,1.84837e-46,4.65336e-47,1.16436e-47,2.88402e-48,7.08691e-49,1.72753e-49,4.14271e-50,1.09918e-50
1.33171e-18,5.34929e-19,2.10981e-19,8.33636e-20,3.23308e-20,1.25672e-20,4.79311e-21,1.83301e-21,6.87583e-22,2.5872e-22,9.54578e-23,3.53427e-23,1.28274e-23,4.67342e-24,1.66864e-24,5.98251e-25,2.1015e-25,7.41464e-26,2.56262e-26,8.89797e-27,3.0259e-27,1.03399e-27,3.45995e-28,1.16355e-28,3.83133e-29,1.26798e-29,4.10871e-30,1.33817e-30,4.26721e-31,1.36766e-31,4.29203e-32,1.35366e-32,4.18077e-33,1.29746e-33,3.94374e-34,1.20423e-34,3.60245e-35,1.08227e-35,3.18639e-36,9.41749e-37,2.72882e-37,7.93361e-38,2.26248e-38,6.46987e-39,1.81585e-39,5.10688e-40,1.4106e-40,3.90112e-41,1.06046e-41,2.88355e-42,7.71395e-43,2.06203e-43,5.42847e-44,1.42629e-44,3.69493e-45,9.54047e-46,2.43204e-46,6.16997e-47,1.54763e-47,3.8568e-48,9.522e-49,2.31601e-49,6.22489e-50
3.59606e-18,1.45985e-18,5.82061e-19,2.32434e-19,9.11286e-20,3.57998e-20,1.38032e-20,5.33506e-21,2.02313e-21,7.69405e-22,2.86991e-22,1.07398e-22,3.94074e-23,1.45122e-23,5.23856e-24,1.89851e-24,6.74255e-25,2.40484e-25,8.40349e-26,2.94982e-26,1.01427e-26,3.50407e-27,1.18561e-27,4.0313e-28,1.34229e-28,4.49192e-29,1.47191e-29,4.84782e-30,1.56336e-30,5.06751e-31,1.60836e-31,5.1307e-32,1.6027e-32,5.03134e-33,1.54687e-33,4.77862e-34,1.44602e-34,4.39555e-35,1.30916e-35,3.91551e-36,1.14782e-36,3.37748e-37,9.74511e-38,2.82089e-38,8.01097e-39,2.28097e-39,6.37559e-40,1.78542e-40,4.91173e-41,1.35264e-41,3.66238e-42,9.91696e-43,2.64261e-43,7.03477e-44,1.84487e-44,4.82737e-45,1.24588e-45,3.20382e-46,8.13695e-47,2.05593e-47,5.14018e-48,1.26772e-48,3.45095e-49
9.57906e-18,3.92986e-18,1.58391e-18,6.39199e-19,2.53328e-19,1.00575e-19,3.91996e-20,1.53119e-20,5.86966e-21,2.256e-21,8.50664e-22,3.21734e-22,1.19341e-22,4.4419e-23,1.62096e-23,5.93767e-24,2.13188e-24,7.6858e-25,2.71526e-25,9.63463e-26,3.34933e-26,1.16974e-26,4.00166e-27,1.37559e-27,4.63112e-28,1.56693e-28,5.19178e-29,1.72901e-29,5.63829e-30,1.84814e-30,5.93179e-31,1.9137e-31,6.04553e-32,1.91958e-32,5.96882e-33,1.86519e-33,5.7087e-34,1.75555e-34,5.28885e-35,1.60048e-35,4.74611e-36,1.41321e-36,4.1251e-37,1.20851e-37,3.47228e-38,1.00076e-38,2.8303e-39,8.02426e-40,2.23377e-40,6.22894e-41,1.70676e-41,4.68053e-42,1.26231e-42,3.4039e-43,9.0355e-44,2.3954e-44,6.25814e-45,1.63086e-45,4.19332e-46,1.07395e-46,2.71867e-47,6.797e-48,1.87361e-48
2.51739e-17,1.04366e-17,4.2519e-18,1.73397e-18,6.9464e-19,2.7869e-19,1.09796e-19,4.33405e-20,1.67939e-20,6.52301e-21,2.48625e-21,9.50308e-22,3.56323e-22,1.34034e-22,4.94441e-23,1.83049e-23,6.64385e-24,2.42089e-24,8.64598e-25,3.10091e-25,1.08979e-25,3.84726e-26,1.3306e-26,4.62379e-27,1.57383e-27,5.3834e-28,1.80345e-28,6.07227e-29,2.00218e-29,6.63582e-30,2.15362e-30,7.02582e-31,2.24443e-31,7.2071e-32,2.26629e-32,7.16276e-33,2.21713e-33,6.89677e-34,2.10145e-34,6.43338e-35,1.92966e-35,5.81349e-36,1.71652e-36,5.08872e-37,1.47908e-37,4.31437e-38,1.23444e-38,3.54258e-39,9.9779e-40,2.81684e-40,7.80987e-41,2.16866e-41,5.91869e-42,1.61636e-42,4.34227e-43,1.16609e-43,3.08349e-44,8.14126e-45,2.11896e-45,5.49946e-46,1.40941e-46,3.57112e-47,9.96633e-48
6.5277e-17,2.73466e-17,1.12611e-17,4.64058e-18,1.87905e-18,7.61789e-19,3.03352e-19,1.21002e-19,4.73917e-20,1.86012e-20,7.16627e-21,2.76799e-21,1.04907e-21,3.98786e-22,1.48698e-22,5.56335e-23,2.04111e-23,7.5165e-24,2.71358e-24,9.8363e-25,3.49451e-25,1.2469e-25,4.35956e-26,1.53128e-26,5.26923e-27,1.82194e-27,6.17064e-28,2.10038e-28,7.00192e-29,2.34619e-29,7.69882e-30,2.53948e-30,8.20279e-31,2.66347e-31,8.46906e-32,2.70691e-32,8.47309e-33,2.66573e-33,8.21436e-34,2.54368e-34,7.71642e-35,2.35177e-35,7.0234e-36,2.10662e-36,6.19356e-37,1.82812e-37,5.29128e-38,1.53678e-38,4.37894e-39,1.2513e-39,3.51008e-40,9.86745e-41,2.72489e-41,7.53494e-42,2.04837e-42,5.57084e-43,1.49081e-43,3.98707e-44,1.05031e-44,2.76177e-45,7.16457e-46,1.83932e-46,5.19618e-47
1.67032e-16,7.07067e-17,2.94287e-17,1.2254e-17,5.01505e-18,2.05439e-18,8.26844e-19,3.3326e-19,1.31923e-19,5.23213e-20,2.03733e-20,7.95167e-21,3.04602e-21,1.17005e-21,4.40973e-22,1.66721e-22,6.18257e-23,2.30081e-23,8.3959e-24,3.07565e-24,1.10449e-24,3.98298e-25,1.40767e-25,4.99734e-26,1.73832e-26,6.07529e-27,2.08006e-27,7.15686e-28,2.41198e-28,8.17014e-29,2.71045e-29,9.0387e-30,2.95185e-30,9.69086e-31,3.11561e-31,1.00694e-31,3.18705e-32,1.01398e-32,3.15957e-33,9.89531e-34,3.03564e-34,9.35818e-35,2.82645e-35,8.57618e-36,2.5502e-36,7.6157e-37,2.22959e-37,6.55249e-38,1.88866e-38,5.46188e-39,1.54996e-39,4.41035e-40,1.23219e-40,3.44939e-41,9.48783e-42,2.61272e-42,7.07503e-43,1.91626e-43,5.10849e-44,1.36064e-44,3.5725e-45,9.29058e-46,2.6564e-46
4.21809e-16,1.80417e-16,7.58938e-17,3.19307e-17,1.32074e-17,5.46661e-18,2.22366e-18,9.05565e-19,3.62298e-19,1.45184e-19,5.7136e-20,2.25324e-20,8.72354e-21,3.38589e-21,1.28972e-21,4.92712e-22,1.8467e-22,6.94449e-23,2.56128e-23,9.48146e-24,3.44145e-24,1.25416e-24,4.48024e-25,1.60741e-25,5.65174e-26,1.99633e-26,6.90912e-27,2.40274e-27,8.18569e-28,2.80271e-28,9.39953e-29,3.16862e-29,1.04615e-29,3.47213e-30,1.12858e-30,3.68779e-31,1.18013e-31,3.79649e-32,1.19614e-32,3.78827e-33,1.17514e-33,3.66382e-34,1.11902e-34,3.43435e-35,1.03278e-35,3.11997e-36,9.23797e-37,2.74677e-37,8.00781e-38,2.3433e-38,6.72638e-39,1.93697e-39,5.47441e-40,1.55118e-40,4.31649e-41,1.20334e-41,3.2969e-42,9.0415e-43,2.43893e-43,6.57866e-44,1.74799e-44,4.60381e-45,1.33206e-45
1.05136e-15,4.54361e-16,1.93166e-16,8.2113e-17,3.43254e-17,1.43546e-17,5.90107e-18,2.42804e-18,9.81721e-19,3.97479e-19,1.58086e-19,6.29893e-20,2.46457e-20,9.66505e-21,3.72066e-21,1.43618e-21,5.44013e-22,2.06708e-22,7.70511e-23,2.88213e-23,1.05729e-23,3.8935e-24,1.40576e-24,5.0967e-25,1.81126e-25,6.46555e-26,2.26176e-26,7.94931e-27,2.73743e-27,9.47312e-28,3.21146e-28,1.09426e-28,3.65214e-29,1.22529e-29,4.02619e-30,1.33e-30,4.30285e-31,1.39949e-31,4.45796e-32,1.42757e-32,4.47748e-33,1.41164e-33,4.35956e-34,1.35315e-34,4.11479e-35,1.25729e-35,3.76471e-36,1.13234e-36,3.33861e-37,9.88412e-38,2.8696e-38,8.36145e-39,2.39033e-39,6.85434e-40,1.92944e-40,5.44428e-41,1.50901e-41,4.18939e-42,1.14335e-42,3.12262e-43,8.39537e-44,2.2389e-44,6.55432e-45
2.58672e-15,1.12947e-15,4.85276e-16,2.08418e-16,8.80475e-17,3.72005e-17,1.54547e-17,6.4245e-18,2.62507e-18,1.07379e-18,4.31585e-19,1.73737e-19,6.86967e-20,2.7218e-20,1.05887e-20,4.1295e-21,1.58078e-21,6.06867e-22,2.2861e-22,8.64008e-23,3.20321e-23,1.19188e-23,4.34912e-24,1.5933e-24,5.72267e-25,2.06425e-25,7.29832e-26,2.59219e-26,9.02227e-27,3.15538e-27,1.08121e-27,3.72345e-28,1.25614e-28,4.25963e-29,1.41486e-29,4.72442e-30,1.54511e-30,5.08027e-31,1.63598e-31,5.29655e-32,1.6795e-32,5.35384e-33,1.67169e-33,5.24683e-34,1.61324e-34,4.98511e-35,1.50937e-35,4.59178e-36,1.36906e-36,4.10005e-37,1.20381e-37,3.54869e-38,1.02603e-38,2.97701e-39,8.47606e-40,2.42037e-40,6.786e-41,1.90687e-41,5.26464e-42,1.45555e-42,3.95927e-43,1.06891e-43,3.1656e-44
6.28276e-15,2.77164e-15,1.20344e-15,5.2218e-16,2.22929e-16,9.51568e-17,3.99492e-17,1.67773e-17,6.92747e-18,2.86277e-18,1.16273e-18,4.72869e-19,1.88943e-19,7.56288e-20,2.97318e-20,1.17143e-20,4.53149e-21,1.75757e-21,6.69067e-22,2.55476e-22,9.57151e-23,3.59833e-23,1.3269e-23,4.9116e-24,1.7828e-24,6.49787e-25,2.32179e-25,8.33286e-26,2.93121e-26,1.03593e-26,3.58764e-27,1.24858e-27,4.25739e-28,1.45909e-28,4.89864e-29,1.65327e-29,5.46543e-30,1.81644e-30,5.91294e-31,1.93518e-31,6.20325e-32,1.99916e-32,6.31065e-33,2.00263e-33,6.22534e-34,1.94522e-34,5.95492e-35,1.83206e-35,5.52326e-36,1.67298e-36,4.96706e-37,1.48114e-37,4.33071e-38,1.27123e-38,3.6605e-39,1.05763e-39,2.99918e-40,8.52868e-41,2.38176e-41,6.66497e-42,1.83401e-42,5.01156e-43,1.50125e-43
1.50658e-14,6.71474e-15,2.9463e-15,1.29155e-15,5.57193e-16,2.40274e-16,1.01933e-16,4.32463e-17,1.80441e-17,7.5329e-18,3.09162e-18,1.27017e-18,5.12834e-19,2.07371e-19,8.23775e-20,3.27885e-20,1.28167e-20,5.02193e-21,1.93179e-21,7.45201e-22,2.82125e-22,1.07153e-22,3.99289e-23,1.49324e-23,5.47723e-24,2.01699e-24,7.28314e-25,2.64108e-25,9.38876e-26,3.35279e-26,1.17347e-26,4.12684e-27,1.42215e-27,4.92546e-28,1.67132e-28,5.70059e-29,1.90475e-29,6.39818e-30,2.10521e-30,6.96418e-31,2.25655e-31,7.35137e-32,2.3458e-32,7.52581e-33,2.36503e-33,7.4717e-34,2.31244e-34,7.1938e-35,2.19273e-35,6.71665e-36,2.01632e-36,6.08108e-37,1.79792e-37,5.33844e-38,1.55449e-38,4.54381e-39,1.3031e-39,3.74935e-40,1.059e-40,2.99889e-41,8.34702e-42,2.30819e-42,6.99279e-43
3.56708e-14,1.60617e-14,7.12177e-15,3.1539e-15,1.37492e-15,5.98954e-16,2.5676e-16,1.10044e-16,4.63948e-17,1.95657e-17,8.11393e-18,3.36745e-18,1.37381e-18,5.61166e-19,2.25247e-19,9.05667e-20,3.57708e-20,1.41588e-20,5.50331e-21,2.1446e-21,8.20401e-22,3.1478e-22,1.18525e-22,4.47794e-23,1.65974e-23,6.17481e-24,2.25307e-24,8.25462e-25,2.96532e-25,1.06991e-25,3.78419e-26,1.34468e-26,4.68295e-27,1.63887e-27,5.62012e-28,1.93712e-28,6.54151e-29,2.22064e-29,7.3848e-30,2.46903e-30,8.08616e-31,2.66265e-31,8.58814e-32,2.78513e-32,8.84733e-33,2.82567e-33,8.84056e-34,2.78058e-34,8.56829e-35,2.65385e-35,8.05455e-36,2.45656e-36,7.34347e-37,2.20527e-37,6.49307e-38,1.91979e-38,5.56743e-39,1.62057e-39,4.62893e-40,1.32629e-40,3.73363e-41,1.04463e-41,3.20026e-42
8.33961e-14,3.79365e-14,1.69978e-14,7.60446e-15,3.34982e-15,1.47414e-15,6.38535e-16,2.76449e-16,1.17767e-16,5.01685e-17,2.10214e-17,8.81273e-18,3.63267e-18,1.49888e-18,6.07887e-19,2.46893e-19,9.85272e-20,3.9394e-20,1.5471e-20,6.09008e-21,2.35394e-21,9.1236e-22,3.47108e-22,1.32475e-22,4.96132e-23,1.86465e-23,6.87476e-24,2.54454e-24,9.23638e-25,3.36686e-25,1.20332e-25,4.32008e-26,1.52032e-26,5.37589e-27,1.86298e-27,6.48832e-28,2.21424e-28,7.59568e-29,2.55279e-29,8.62531e-30,2.85494e-30,9.50105e-31,3.0973e-31,1.01524e-31,3.25973e-32,1.05237e-32,3.32809e-33,1.0582e-33,3.29625e-34,1.0322e-34,3.16698e-35,9.76649e-36,2.9516e-36,8.96345e-37,2.6683e-37,7.979e-38,2.33964e-38,6.88855e-39,1.98963e-39,5.76708e-40,1.64181e-40,4.64704e-41,1.4394e-41
1.92542e-13,8.84836e-14,4.00614e-14,1.81054e-14,8.05888e-15,3.58249e-15,1.56794e-15,6.85708e-16,2.95144e-16,1.27003e-16,5.3768e-17,2.27685e-17,9.48253e-18,3.95206e-18,1.61938e-18,6.64341e-19,2.6786e-19,1.08178e-19,4.29235e-20,1.70671e-20,6.66503e-21,2.6094e-21,1.00302e-21,3.86685e-22,1.46318e-22,5.55499e-23,2.06933e-23,7.73713e-24,2.8377e-24,1.04497e-24,3.77366e-25,1.3687e-25,4.86706e-26,1.73874e-26,6.08862e-27,2.1425e-27,7.38848e-28,2.56093e-28,8.69769e-29,2.96957e-29,9.93321e-30,3.3406e-30,1.1006e-30,3.64592e-31,1.18313e-31,3.86053e-32,1.23398e-32,3.96597e-33,1.24869e-33,3.95283e-34,1.22594e-34,3.82222e-35,1.16772e-35,3.58556e-36,1.07906e-36,3.26295e-37,9.67321e-38,2.88039e-38,8.41171e-39,2.46619e-39,7.09941e-40,2.03249e-40,6.36452e-41
4.39019e-13,2.03817e-13,9.32445e-14,4.25702e-14,1.91458e-14,8.59737e-15,3.80188e-15,1.67948e-15,7.30376e-16,3.17455e-16,1.35787e-16,5.80787e-17,2.4438e-17,1.02874e-17,4.25878e-18,1.76468e-18,7.18839e-19,2.93225e-19,1.17545e-19,4.72075e-20,1.86252e-20,7.36519e-21,2.86027e-21,1.11379e-21,4.25794e-22,1.63284e-22,6.14542e-23,2.32099e-23,8.60058e-24,3.19927e-24,1.16731e-24,4.27694e-25,1.53666e-25,5.54583e-26,1.96223e-26,6.97578e-27,2.43075e-27,8.51231e-28,2.92133e-28,1.00777e-28,3.40643e-29,1.15759e-29,3.85405e-30,1.29017e-30,4.23107e-31,1.39524e-31,4.50721e-32,1.46409e-32,4.65902e-33,1.49075e-33,4.67315e-34,1.47284e-34,4.54825e-35,1.41191e-35,4.29525e-36,1.31324e-36,3.9357e-37,1.18508e-37,3.49884e-38,1.03744e-38,3.01957e-39,8.74256e-40,2.76727e-40
9.88664e-13,4.63683e-13,2.14347e-13,9.88535e-14,4.49215e-14,2.0376e-14,9.10394e-15,4.06223e-15,1.78484e-15,7.8357e-16,3.38616e-16,1.46285e-16,6.21859e-17,2.64399e-17,1.1058e-17,4.62784e-18,1.90448e-18,7.84631e-19,3.17761e-19,1.28892e-19,5.13742e-20,2.05187e-20,8.05013e-21,3.16612e-21,1.2228e-21,4.73626e-22,1.80086e-22,6.86985e-23,2.57185e-23,9.66332e-24,3.56216e-24,1.31835e-24,4.78562e-25,1.74467e-25,6.23691e-26,2.23986e-26,7.88588e-27,2.78989e-27,9.67425e-28,3.37171e-28,1.1516e-28,3.95399e-29,1.33023e-29,4.4995e-30,1.49113e-30,4.96882e-31,1.6221e-31,5.3249e-32,1.71247e-32,5.53789e-33,1.7545e-33,5.58922e-34,1.74449e-34,5.47424e-35,1.68328e-35,5.20298e-36,1.57618e-36,4.79862e-37,1.43218e-37,4.29409e-38,1.26357e-38,3.69927e-39,1.18346e-39
2.19913e-12,1.04192e-12,4.86672e-13,2.26725e-13,1.04099e-13,4.76956e-14,2.15306e-14,9.70375e-15,4.30752e-15,1.91003e-15,8.33893e-16,3.63851e-16,1.5626e-16,6.71007e-17,2.83508e-17,1.19832e-17,4.98182e-18,2.0729e-18,8.48059e-19,3.47418e-19,1.39889e-19,5.64273e-20,2.23642e-20,8.88347e-21,3.46596e-21,1.35586e-21,5.20806e-22,2.0066e-22,7.58894e-23,2.87999e-23,1.07252e-23,4.00928e-24,1.47031e-24,5.41431e-25,1.95543e-25,7.09364e-26,2.52322e-26,9.01754e-27,3.15927e-27,1.11234e-27,3.83857e-28,1.33152e-28,4.52622e-29,1.54683e-29,5.17971e-30,1.74399e-30,5.75305e-31,1.90838e-31,6.20191e-32,2.02681e-32,6.48923e-33,2.08926e-33,6.59025e-34,2.09026e-34,6.49603e-35,2.02968e-35,6.21472e-36,1.91277e-36,5.77044e-37,1.74927e-37,5.20344e-38,1.54017e-38,4.97946e-39
4.83186e-12,2.31263e-12,1.09147e-12,5.13637e-13,2.38278e-13,1.10274e-13,5.02936e-14,2.28948e-14,1.02676e-14,4.59837e-15,2.02817e-15,8.93774e-16,3.87764e-16,1.6817e-16,7.17786e-17,3.06404e-17,1.2868e-17,5.40738e-18,2.23476e-18,9.24568e-19,3.76065e-19,1.53197e-19,6.13348e-20,2.46049e-20,9.69739e-21,3.83119e-21,1.48659e-21,5.78457e-22,2.20998e-22,8.47039e-23,3.18656e-23,1.20309e-23,4.45709e-24,1.65773e-24,6.04831e-25,2.21618e-25,7.96381e-26,2.87486e-26,1.01755e-26,3.61901e-27,1.26176e-27,4.42139e-28,1.5185e-28,5.24268e-29,1.77378e-29,6.03388e-30,2.01118e-30,6.74071e-31,2.21353e-31,7.30959e-32,2.36489e-32,7.69424e-33,2.45264e-33,7.86185e-34,2.46918e-34,7.79768e-35,2.41302e-35,7.50722e-36,2.28904e-36,7.01492e-37,2.10922e-37,6.3111e-38,2.06178e-38
1.04873e-11,5.07068e-12,2.41806e-12,1.14946e-12,5.38758e-13,2.51849e-13,1.16046e-13,5.33566e-14,2.41743e-14,1.09347e-14,4.87219e-15,2.16845e-15,9.50374e-16,4.16258e-16,1.79475e-16,7.73716e-17,3.28235e-17,1.39294e-17,5.81508e-18,2.42958e-18,9.98231e-19,4.10662e-19,1.66079e-19,6.7281e-20,2.67855e-20,1.06868e-20,4.18867e-21,1.646e-21,6.35221e-22,2.45878e-22,9.3437e-23,3.56275e-23,1.33329e-23,5.0083e-24,1.84588e-24,6.83111e-25,2.47977e-25,9.04146e-26,3.23289e-26,1.16139e-26,4.09061e-27,1.44792e-27,5.02387e-28,1.75215e-28,5.98924e-29,2.0582e-29,6.93126e-30,2.34701e-30,7.78717e-31,2.59817e-31,8.49354e-32,2.79226e-32,8.99387e-33,2.91331e-33,9.24608e-34,2.95091e-34,9.22823e-35,2.90176e-35,8.9418e-36,2.76989e-36,8.41762e-37,2.54579e-37,8.40307e-38
2.24868e-11,1.09834e-11,5.29215e-12,2.54118e-12,1.20339e-12,5.68203e-13,2.64509e-13,1.22836e-13,5.62234e-14,2.56849e-14,1.15613e-14,5.19663e-15,2.30071e-15,1.01767e-15,4.43233e-16,1.92964e-16,8.26898e-17,3.5437e-17,1.49433e-17,6.30482e-18,2.61657e-18,1.08701e-18,4.44037e-19,1.81654e-19,7.30476e-20,2.94307e-20,1.16516e-20,4.6237e-21,1.80236e-21,7.0452e-22,2.70428e-22,1.04132e-22,3.9363e-23,1.49324e-23,5.55922e-24,2.07773e-24,7.6188e-25,2.80555e-25,1.01335e-25,3.67674e-26,1.3082e-26,4.677e-27,1.63936e-27,5.7752e-28,1.9943e-28,6.92297e-29,2.35535e-29,8.05691e-30,2.70077e-30,9.10363e-31,3.00682e-31,9.98723e-32,3.25032e-32,1.06382e-32,3.41153e-33,1.10024e-33,3.47681e-34,1.10485e-34,3.44047e-35,1.07714e-35,3.30818e-36,1.01115e-36,3.37184e-37
4.76345e-11,2.3504e-11,1.14427e-11,5.55022e-12,2.65549e-12,1.26646e-12,5.95619e-13,2.79369e-13,1.29178e-13,5.96009e-14,2.71008e-14,1.23021e-14,5.50182e-15,2.45765e-15,1.08123e-15,4.75351e-16,2.05755e-16,8.90433e-17,3.79264e-17,1.61587e-17,6.77346e-18,2.84147e-18,1.17238e-18,4.8431e-19,1.96708e-19,8.00287e-20,3.20012e-20,1.28234e-20,5.04882e-21,1.99286e-21,7.72636e-22,3.00433e-22,1.14708e-22,4.39427e-23,1.65242e-23,6.23671e-24,2.30998e-24,8.59041e-25,3.13414e-25,1.14845e-25,4.12759e-26,1.49038e-26,5.277e-27,1.87762e-27,6.54981e-28,2.29657e-28,7.89317e-29,2.72734e-29,9.23598e-30,3.14492e-30,1.04941e-30,3.52136e-31,1.15784e-31,3.82871e-32,1.24054e-32,4.04244e-33,1.29072e-33,4.14462e-34,1.30412e-34,4.12611e-35,1.2806e-35,3.95536e-36,1.33236e-36
9.9694e-11,4.96935e-11,2.44444e-11,1.19767e-11,5.78943e-12,2.78888e-12,1.32509e-12,6.27733e-13,2.93224e-13,1.36634e-13,6.27599e-14,2.87712e-14,1.29975e-14,5.86317e-15,2.6055e-15,1.15674e-15,5.05731e-16,2.21005e-16,9.50786e-17,4.09044e-17,1.73183e-17,7.33594e-18,3.05708e-18,1.27519e-18,5.23111e-19,2.14896e-19,8.67895e-20,3.51167e-20,1.39643e-20,5.56572e-21,2.17941e-21,8.55719e-22,3.2999e-22,1.27649e-22,4.84817e-23,1.84778e-23,6.91249e-24,2.5959e-24,9.566e-25,3.53987e-25,1.28505e-25,4.68594e-26,1.67589e-26,6.02229e-27,2.12203e-27,7.5148e-28,2.60898e-28,9.10536e-29,3.11485e-29,1.07134e-29,3.61137e-30,1.22413e-30,4.06626e-31,1.35837e-31,4.44653e-32,1.46388e-32,4.72236e-33,1.53213e-33,4.87096e-34,1.55725e-34,4.8837e-35,1.52412e-35,5.18561e-36
2.06151e-10,1.03809e-10,5.15948e-11,2.55355e-11,1.2471e-11,6.06799e-12,2.91267e-12,1.39361e-12,6.57619e-13,3.09477e-13,1.43594e-13,6.6479e-14,3.03358e-14,1.38191e-14,6.20284e-15,2.7808e-15,1.22799e-15,5.41875e-16,2.35454e-16,1.02283e-16,4.37379e-17,1.87073e-17,7.87359e-18,3.31618e-18,1.37392e-18,5.69891e-19,2.32452e-19,9.49671e-20,3.81399e-20,1.53488e-20,6.07006e-21,2.40649e-21,9.37249e-22,3.6608e-22,1.40424e-22,5.40412e-23,2.04183e-23,7.74274e-24,2.88174e-24,1.07682e-24,3.94821e-25,1.45388e-25,5.25179e-26,1.90585e-26,6.783e-27,2.4259e-27,8.50709e-28,2.99855e-28,1.03614e-28,3.59946e-29,1.22564e-29,4.19638e-30,1.40811e-30,4.75162e-31,1.5713e-31,5.22581e-32,1.70309e-32,5.58238e-33,1.79303e-33,5.7917e-34,1.8352e-34,5.78631e-35,1.98832e-35
4.21203e-10,2.14269e-10,1.07603e-10,5.37956e-11,2.6544e-11,1.30454e-11,6.32608e-12,3.05705e-12,1.45727e-12,6.92603e-13,3.24621e-13,1.51771e-13,6.99555e-14,3.21804e-14,1.45897e-14,6.6047e-15,2.94582e-15,1.31258e-15,5.76033e-16,2.52666e-16,1.0912e-16,4.71249e-17,2.00313e-17,8.51838e-18,3.56429e-18,1.49273e-18,6.14904e-19,2.53644e-19,1.02876e-19,4.18009e-20,1.6695e-20,6.68274e-21,2.6285e-21,1.0366e-21,4.01571e-22,1.5604e-22,5.95414e-23,2.27977e-23,8.56929e-24,3.23328e-24,1.19729e-24,4.45192e-25,1.62419e-25,5.95189e-26,2.13946e-26,7.72696e-27,2.73682e-27,9.74203e-28,3.40014e-28,1.19291e-28,4.10288e-29,1.41879e-29,4.80893e-30,1.63906e-30,5.47515e-31,1.83934e-31,6.05547e-32,2.00507e-32,6.50606e-33,2.12309e-33,6.79671e-34,2.16482e-34,7.51223e-35
8.50352e-10,4.37013e-10,2.21747e-10,1.11987e-10,5.58273e-11,2.77132e-11,1.35768e-11,6.62646e-12,3.19096e-12,1.53163e-12,7.25143e-13,3.42374e-13,1.594e-13,7.40455e-14,3.3907e-14,1.54995e-14,6.98218e-15,3.14133e-15,1.39233e-15,6.16641e-16,2.68959e-16,1.17276e-16,5.03445e-17,2.16158e-17,9.13405e-18,3.86221e-18,1.6067e-18,6.6913e-19,2.74074e-19,1.12434e-19,4.53485e-20,1.8327e-20,7.27964e-21,2.89852e-21,1.13394e-21,4.44869e-22,1.71429e-22,6.62721e-23,2.51569e-23,9.58383e-24,3.58404e-24,1.3456e-24,4.95782e-25,1.8345e-25,6.65979e-26,2.42878e-26,8.68818e-27,3.12301e-27,1.10087e-27,3.9004e-28,1.35493e-28,4.73181e-29,1.61994e-29,5.57639e-30,1.88152e-30,6.38422e-31,2.12307e-31,7.10081e-32,2.32747e-32,7.67227e-33,2.48128e-33,7.98288e-34,2.79724e-34
1.69638e-09,8.8075e-10,4.51562e-10,2.30366e-10,1.16028e-10,5.81777e-11,2.87936e-11,1.41939e-11,6.90465e-12,3.34705e-12,1.60069e-12,7.63209e-13,3.58907e-13,1.68356e-13,7.78664e-14,3.59413e-14,1.63523e-14,7.42846e-15,3.32525e-15,1.48695e-15,6.54987e-16,2.88353e-16,1.25009e-16,5.41899e-17,2.31246e-17,9.87182e-18,4.14717e-18,1.74371e-18,7.21246e-19,2.98715e-19,1.21666e-19,4.96409e-20,1.99116e-20,8.00414e-21,3.16211e-21,1.25246e-21,4.87377e-22,1.90224e-22,7.29192e-23,2.80469e-23,1.05919e-23,4.01503e-24,1.49391e-24,5.58128e-25,2.0462e-25,7.53479e-26,2.72201e-26,9.87978e-27,3.51721e-27,1.25835e-27,4.41477e-28,1.55693e-28,5.38337e-29,1.87146e-29,6.37768e-30,2.18555e-30,7.34103e-31,2.47985e-31,8.21029e-32,2.73369e-32,8.93085e-33,2.90199e-33,1.02672e-33
3.34406e-09,1.75407e-09,9.08698e-10,4.68294e-10,2.38303e-10,1.20693e-10,6.03468e-11,3.00455e-11,1.47646e-11,7.22821e-12,3.49177e-12,1.68129e-12,7.98598e-13,3.78276e-13,1.76707e-13,8.23586e-14,3.78442e-14,1.73584e-14,7.84736e-15,3.54298e-15,1.57609e-15,7.00538e-16,3.06696e-16,1.34225e-16,5.78418e-17,2.49289e-17,1.05755e-17,4.48907e-18,1.875e-18,7.83976e-19,3.2244e-19,1.32814e-19,5.37948e-20,2.1831e-20,8.70896e-21,3.48241e-21,1.36839e-21,5.3919e-22,2.08714e-22,8.10461e-23,3.09071e-23,1.18282e-23,4.44423e-24,1.67634e-24,6.20615e-25,2.30736e-25,8.41763e-26,3.08482e-26,1.10903e-26,4.00636e-27,1.41948e-27,5.05489e-28,1.76515e-28,6.19653e-29,2.13269e-29,7.38056e-30,2.50379e-30,8.54191e-31,2.85638e-31,9.60549e-32,3.16974e-32,1.04018e-32,3.71542e-33
6.51424e-09,3.45216e-09,1.80708e-09,9.40767e-10,4.83688e-10,2.47447e-10,1.24994e-10,6.28548e-11,3.12019e-11,1.5427e-11,7.52777e-12,3.66035e-12,1.75611e-12,8.39971e-13,3.96305e-13,1.86505e-13,8.65527e-14,4.00845e-14,1.83009e-14,8.34226e-15,3.74766e-15,1.68176e-15,7.43518e-16,3.28515e-16,1.42956e-16,6.22002e-17,2.66453e-17,1.14181e-17,4.81575e-18,2.03272e-18,8.44194e-19,3.51032e-19,1.43568e-19,5.88166e-20,2.36921e-20,9.56372e-21,3.79463e-21,1.50943e-21,5.89978e-22,2.31277e-22,8.90584e-23,3.44079e-23,1.30544e-23,4.97111e-24,1.8584e-24,6.97552e-25,2.56971e-25,9.50781e-26,3.45172e-26,1.25896e-26,4.50446e-27,1.61962e-27,5.71141e-28,2.02451e-28,7.03674e-29,2.45902e-29,8.42473e-30,2.90245e-30,9.80227e-31,3.32894e-31,1.10954e-31,3.67677e-32,1.3258e-32
1.25401e-08,6.71418e-09,3.5514e-09,1.86776e-09,9.70246e-10,5.01383e-10,2.55866e-10,1.29955e-10,6.51686e-11,3.2541e-11,1.60394e-11,7.87597e-12,3.81659e-12,1.84339e-12,8.78417e-13,4.17413e-13,1.95636e-13,9.14803e-14,4.2179e-14,1.9412e-14,8.80649e-15,3.98979e-15,1.78123e-15,7.94536e-16,3.49133e-16,1.53355e-16,6.63354e-17,2.86963e-17,1.2221e-17,5.20739e-18,2.18368e-18,9.16618e-19,3.78529e-19,1.56543e-19,6.36699e-20,2.59447e-20,1.03941e-20,4.1737e-21,1.64718e-21,6.51828e-22,2.53438e-22,9.88456e-23,3.78665e-23,1.45567e-23,5.49482e-24,2.08214e-24,7.7451e-25,2.89304e-25,1.06054e-25,3.90525e-26,1.41093e-26,5.12196e-27,1.8239e-27,6.52763e-28,2.29116e-28,8.08429e-29,2.79702e-29,9.73025e-30,3.31862e-30,1.13809e-30,3.83104e-31,1.28188e-31,4.66591e-32
2.38556e-08,1.29051e-08,6.8976e-09,3.66476e-09,1.9235e-09,1.00406e-09,5.17659e-10,2.65559e-10,1.34527e-10,6.78424e-11,3.37776e-11,1.67497e-11,8.19822e-12,3.99847e-12,1.92438e-12,9.23333e-13,4.37051e-13,2.06342e-13,9.60784e-14,4.46432e-14,2.04521e-14,9.35456e-15,4.21724e-15,1.89908e-15,8.42636e-16,3.7364e-16,1.63196e-16,7.12669e-17,3.06455e-17,1.31816e-17,5.58121e-18,2.36488e-18,9.86062e-19,4.11638e-19,1.69043e-19,6.95324e-20,2.81258e-20,1.14002e-20,4.54267e-21,1.8146e-21,7.1236e-22,2.80457e-22,1.08479e-22,4.20959e-23,1.60441e-23,6.13715e-24,2.30501e-24,8.69176e-25,3.21719e-25,1.19596e-25,4.3629e-26,1.59896e-26,5.74932e-27,2.07739e-27,7.36275e-28,2.62298e-28,9.16391e-29,3.21882e-29,1.1086e-29,3.83885e-30,1.30502e-30,4.40879e-31,1.61976e-31
4.48474e-08,2.45133e-08,1.32398e-08,7.10667e-09,3.76881e-09,1.98728e-09,1.03513e-09,5.36357e-10,2.74482e-10,1.398e-10,7.03084e-11,3.52088e-11,1.74062e-11,8.57257e-12,4.16697e-12,2.01879e-12,9.65053e-13,4.60027e-13,2.16314e-13,1.01477e-13,4.69456e-14,2.16776e-14,9.86832e-15,4.48613e-15,2.00993e-15,8.99691e-16,3.96779e-16,1.74909e-16,7.59417e-17,3.29729e-17,1.4096e-17,6.02901e-18,2.53813e-18,1.06952e-18,4.43442e-19,1.84114e-19,7.5191e-20,3.07634e-20,1.23764e-20,4.99025e-21,1.97789e-21,7.86014e-22,3.06953e-22,1.20236e-22,4.62672e-23,1.78649e-23,6.77446e-24,2.57865e-24,9.63685e-25,3.61633e-25,1.33201e-25,4.92808e-26,1.78914e-26,6.52631e-27,2.33554e-27,8.39999e-28,2.96329e-28,1.05086e-28,3.65465e-29,1.27775e-29,4.38643e-30,1.49606e-30,5.54739e-31
8.33196e-08,4.60173e-08,2.51161e-08,1.36204e-08,7.29845e-09,3.88762e-09,2.04586e-09,1.07075e-09,5.53555e-10,2.84749e-10,1.44657e-10,7.31565e-11,3.653e-11,1.81673e-11,8.91889e-12,4.363e-12,2.10635e-12,1.01376e-12,4.81393e-13,2.27999e-13,1.06512e-13,4.96527e-14,2.28241e-14,1.04744e-14,4.73853e-15,2.14116e-15,9.5344e-16,4.24263e-16,1.85986e-16,8.15124e-17,3.51828e-17,1.51893e-17,6.456e-18,2.74592e-18,1.14945e-18,4.81708e-19,1.98615e-19,8.20208e-20,3.33141e-20,1.35581e-20,5.4253e-21,2.17618e-21,8.57989e-22,3.39227e-22,1.31789e-22,5.13637e-23,1.96644e-23,7.55542e-24,2.85072e-24,1.07984e-24,4.01567e-25,1.49971e-25,5.4972e-26,2.02423e-26,7.31396e-27,2.65555e-27,9.45875e-28,3.38635e-28,1.18912e-28,4.19729e-29,1.45499e-29,5.00961e-30,1.87465e-30
1.52975e-07,8.5373e-08,4.70889e-08,2.58002e-08,1.39693e-08,7.51694e-09,3.99666e-09,2.11286e-09,1.10348e-09,5.73299e-10,2.94198e-10,1.50255e-10,7.57827e-11,3.80582e-11,1.88705e-11,9.32097e-12,4.54454e-12,2.20837e-12,1.05899e-12,5.06375e-13,2.38877e-13,1.1242e-13,5.21805e-14,2.4174e-14,1.10423e-14,5.03672e-15,2.26451e-15,1.01715e-15,4.50193e-16,1.99159e-16,8.67886e-17,3.78195e-17,1.62289e-17,6.9671e-18,2.94439e-18,1.24543e-18,5.18423e-19,2.16084e-19,8.8605e-20,3.63962e-20,1.47031e-20,5.9526e-21,2.3693e-21,9.45492e-22,3.70829e-22,1.45876e-22,5.6382e-23,2.18654e-23,8.3289e-24,3.18447e-24,1.19557e-24,4.50695e-25,1.66787e-25,6.19938e-26,2.26149e-26,8.28855e-27,2.9807e-27,1.07725e-27,3.81928e-28,1.36093e-28,4.76352e-29,1.65556e-29,6.25183e-30
2.77559e-07,1.56532e-07,8.72533e-08,4.83023e-08,2.6427e-08,1.4366e-08,7.71734e-09,4.1211e-09,2.17438e-09,1.14098e-09,5.91456e-10,3.05065e-10,1.55411e-10,7.88141e-11,3.94686e-11,1.96851e-11,9.69283e-12,4.75563e-12,2.30295e-12,1.11176e-12,5.29596e-13,2.51614e-13,1.17926e-13,5.51506e-14,2.54361e-14,1.17117e-14,5.31644e-15,2.41044e-15,1.07713e-15,4.80969e-16,2.11606e-16,9.30714e-17,4.03206e-17,1.7471e-17,7.45397e-18,3.18224e-18,1.33727e-18,5.62563e-19,2.32875e-19,9.65454e-20,3.93729e-20,1.60881e-20,6.46444e-21,2.60363e-21,1.03088e-21,4.0929e-22,1.59698e-22,6.25078e-23,2.4037e-23,9.27588e-24,3.51571e-24,1.33769e-24,4.99755e-25,1.87494e-25,6.90502e-26,2.5545e-26,9.27438e-27,3.3834e-27,1.21106e-27,4.35617e-28,1.53948e-28,5.40052e-29,2.05785e-29
4.97683e-07,2.83638e-07,1.59788e-07,8.93777e-08,4.94138e-08,2.7138e-08,1.47297e-08,7.94555e-09,4.23529e-09,2.24471e-09,1.17543e-09,6.12291e-10,3.15065e-10,1.6135e-10,8.16085e-11,4.10991e-11,2.04376e-11,1.01243e-11,4.95104e-12,2.41308e-12,1.16074e-12,5.56729e-13,2.63467e-13,1.24383e-13,5.79226e-14,2.69211e-14,1.23385e-14,5.64667e-15,2.54751e-15,1.14817e-15,5.09982e-16,2.26398e-16,9.90169e-17,4.33027e-17,1.8651e-17,8.0363e-18,3.40919e-18,1.44746e-18,6.04867e-19,2.53085e-19,1.04191e-19,4.29669e-20,1.74283e-20,7.08431e-21,2.83152e-21,1.13459e-21,4.46893e-22,1.76538e-22,6.853e-23,2.66907e-23,1.02122e-23,3.92168e-24,1.47904e-24,5.60056e-25,2.08218e-25,7.77485e-26,2.84962e-26,1.0493e-26,3.79175e-27,1.37668e-27,4.91197e-28,1.73914e-28,6.68649e-29
8.81875e-07,5.07933e-07,2.89202e-07,1.63458e-07,9.1323e-08,5.06717e-08,2.77894e-08,1.51429e-08,8.15483e-09,4.36554e-09,2.30928e-09,1.21489e-09,6.31447e-10,3.26559e-10,1.6682e-10,8.48323e-11,4.26034e-11,2.13089e-11,1.05232e-11,5.17811e-12,2.51513e-12,1.21785e-12,5.81938e-13,2.77337e-13,1.30399e-13,6.11775e-14,2.83088e-14,1.30769e-14,5.95625e-15,2.70955e-15,1.215e-15,5.44393e-16,2.40363e-16,1.06092e-16,4.61291e-17,2.00598e-17,8.59049e-18,3.68097e-18,1.55277e-18,6.55688e-19,2.72488e-19,1.13404e-19,4.64337e-20,1.90482e-20,7.6852e-21,3.10781e-21,1.23565e-21,4.9262e-22,1.93034e-22,7.58751e-23,2.93048e-23,1.13575e-23,4.3239e-24,1.65245e-24,6.2016e-25,2.33715e-25,8.64723e-26,3.21374e-26,1.17234e-26,4.29614e-27,1.5475e-27,5.52966e-28,2.14497e-28
1.54423e-06,8.98926e-07,5.17315e-07,2.95461e-07,1.66819e-07,9.35199e-08,5.1824e-08,2.85281e-08,1.55216e-08,8.39305e-09,4.48506e-09,2.38306e-09,1.25113e-09,6.53418e-10,3.37134e-10,1.73116e-10,8.78033e-11,4.43416e-11,2.21134e-11,1.09858e-11,5.38825e-12,2.6339e-12,1.27082e-12,6.11378e-13,2.90238e-13,1.37449e-13,6.42135e-14,2.99404e-14,1.37678e-14,6.32148e-15,2.86167e-15,1.2941e-15,5.7681e-16,2.56948e-16,1.12781e-16,4.94965e-17,2.1397e-17,9.25286e-18,3.94003e-18,1.67904e-18,7.04341e-19,2.95824e-19,1.22265e-19,5.0616e-20,2.06136e-20,8.41233e-21,3.37615e-21,1.35831e-21,5.37261e-22,2.13116e-22,8.30846e-23,3.24965e-23,1.24881e-23,4.81642e-24,1.82462e-24,6.9397e-25,2.59183e-25,9.72159e-26,3.57983e-26,1.32401e-26,4.81453e-27,1.73614e-27,6.79419e-28
2.67214e-06,1.57221e-06,9.14533e-07,5.27845e-07,3.0119e-07,1.70605e-07,9.55316e-08,5.31275e-08,2.92049e-08,1.59518e-08,8.6115e-09,4.62133e-09,2.4508e-09,1.29261e-09,6.73614e-10,3.49282e-10,1.78913e-10,9.1229e-11,4.59448e-11,2.30444e-11,1.14133e-11,5.63229e-12,2.74392e-12,1.33257e-12,6.38717e-13,3.05325e-13,1.44013e-13,6.77763e-14,3.14643e-14,1.45813e-14,6.66366e-15,3.04137e-15,1.36846e-15,6.1523e-16,2.72594e-16,1.20735e-16,5.26853e-17,2.29922e-17,9.88262e-18,4.25004e-18,1.7996e-18,7.62745e-19,3.18203e-19,1.32935e-19,5.46456e-20,2.25043e-20,9.11629e-21,3.70121e-21,1.47767e-21,5.91502e-22,2.32759e-22,9.18704e-23,3.56355e-23,1.38698e-23,5.30358e-24,2.03565e-24,7.67406e-25,2.90489e-25,1.07973e-25,4.0302e-26,1.47937e-26,5.38328e-27,2.12522e-27
4.56921e-06,2.71742e-06,1.59782e-06,9.32009e-07,5.37482e-07,3.07631e-07,1.74072e-07,9.78025e-08,5.43215e-08,2.99719e-08,1.63461e-08,8.86004e-09,4.74634e-09,2.52815e-09,1.33072e-09,6.96767e-10,3.60456e-10,1.85584e-10,9.43854e-11,4.77962e-11,2.39039e-11,1.19088e-11,5.85805e-12,2.87188e-12,1.38982e-12,6.70625e-13,3.19351e-13,1.51701e-13,7.10977e-14,3.32549e-14,1.5342e-14,7.06708e-15,3.20995e-15,1.45642e-15,6.51397e-16,2.91162e-16,1.2825e-16,5.64817e-17,2.45051e-17,1.06348e-17,4.54526e-18,1.94404e-18,8.18601e-19,3.45099e-19,1.43185e-19,5.95031e-20,2.43291e-20,9.96745e-21,4.0165e-21,1.62241e-21,6.4438e-22,2.56652e-22,1.00481e-22,3.94648e-23,1.52315e-23,5.89958e-24,2.24481e-24,8.57505e-25,3.21712e-25,1.21181e-25,4.49007e-26,1.64869e-26,6.56559e-27
7.72048e-06,4.64145e-06,2.75887e-06,1.62643e-06,9.48006e-07,5.48294e-07,3.13528e-07,1.77977e-07,9.98818e-08,5.56717e-08,3.06746e-08,1.67937e-08,9.08792e-09,4.88882e-09,2.59916e-09,1.3743e-09,7.18047e-10,3.73287e-10,1.91723e-10,9.8023e-11,4.95034e-11,2.48979e-11,1.23666e-11,6.1201e-12,2.99037e-12,1.45651e-12,7.00243e-13,3.35744e-13,1.58856e-13,7.49929e-14,3.49263e-14,1.62371e-14,7.44481e-15,3.40897e-15,1.53905e-15,6.94234e-16,3.08665e-16,1.3718e-16,6.00739e-17,2.63085e-17,1.13492e-17,4.89828e-18,2.08181e-18,8.85598e-19,3.70864e-19,1.55517e-19,6.41777e-20,2.65313e-20,1.07905e-20,4.39813e-21,1.76306e-21,7.08576e-22,2.79989e-22,1.10965e-22,4.32251e-23,1.68943e-23,6.48811e-24,2.50096e-24,9.47023e-25,3.59967e-25,1.34627e-25,4.9878e-26,2.00354e-26
1.289e-05,7.83411e-06,4.70761e-06,2.80507e-06,1.65263e-06,9.65912e-07,5.58191e-07,3.20154e-07,1.81552e-07,1.02228e-07,5.69083e-08,3.14707e-08,1.7204e-08,9.34709e-09,5.01952e-09,2.68021e-09,1.41433e-09,7.42429e-10,3.85087e-10,1.98785e-10,1.01374e-10,5.14738e-11,2.58153e-11,1.28969e-11,6.36243e-12,3.12809e-12,1.51832e-12,7.34791e-13,3.50978e-13,1.6723e-13,7.86225e-14,3.6889e-14,1.70736e-14,7.88986e-15,3.59555e-15,1.63673e-15,7.3453e-16,3.29423e-16,1.45609e-16,6.43475e-17,2.80175e-17,1.22019e-17,5.23414e-18,2.24675e-18,9.49608e-19,4.01805e-19,1.67351e-19,6.98083e-20,2.86544e-20,1.17848e-20,4.76781e-21,1.93349e-21,7.71072e-22,3.08351e-22,1.21225e-22,4.78084e-23,1.85304e-23,7.2075e-24,2.75451e-24,1.05648e-24,3.98804e-25,1.49076e-25,6.03984e-26
